question_id,kind,persona,question,expected_answer,source,actual_answer,score,remark,turns,transcript
q-0001,simple,workpass_candidate,"I have an Overseas Networks & Expertise Pass and I just moved to a new apartment last week. How soon do I need to update MOM with my new address, and how do I do it?","You need to update MOM within 2 weeks of changing your residential address. Otherwise, you may be penalised. To update: (1) Ensure that your new address meets the relevant housing requirements. (2) Log in to EP eService to update your address. The update is immediate. (3) Print the acknowledgement page and keep it with your pass card.",https://www.mom.gov.sg/passes-and-permits/overseas-networks-expertise-pass/notify-mom,"You need to update MOM with your new residential address **within 2 weeks** of moving.

Here's how to do it:

1. Ensure your new address meets the relevant housing requirements
2. Log in to **EP eService** using your Singpass
3. Update your address — the update is immediate
4. Print the acknowledgement page and keep it with your pass card

Missing the 2-week deadline can result in penalties, so make sure you update it promptly.",3,"The chatbot's answer covers all essential points: 2-week deadline, potential penalties, housing requirements check, EP eService login, immediate update, and printing acknowledgement page. The addition of 'using your Singpass' is a minor helpful detail, not noise.",1,"USER: I have an Overseas Networks & Expertise Pass and I just moved to a new apartment last week. How soon do I need to update MOM with my new address, and how do I do it?

BOT: You need to update MOM with your new residential address **within 2 weeks** of moving.

Here's how to do it:

1. Ensure your new address meets the relevant housing requirements
2. Log in to **EP eService** using your Singpass
3. Update your address — the update is immediate
4. Print the acknowledgement page and keep it with your pass card

Missing the 2-week deadline can result in penalties, so make sure you update it promptly."
q-0002,simple,workpass_human_resource,"We have an EP holder on an EP (Sponsorship) whose pass is expiring soon. I want to make sure I submit the renewal in time — how early can I start the renewal, and how long should I expect processing to take? Also, once we get the IPA letter, how long is it valid for?","For EP (Sponsorship), you can start applying to renew 3 months before the pass expires (as opposed to the standard EP, which allows renewal up to 6 months / 180 days before expiry). You must apply before the expiry date. Processing time for EP (Sponsorship) renewals is within 6 weeks for most cases (the renewal form itself states around 8 weeks). Once the renewal is approved, you will receive an in-principle approval (IPA) letter that is valid for 3 months. You must get the pass issued before the IPA or the current pass expires, whichever occurs first — otherwise an overstaying fine will be imposed. The duration of the renewed pass will start when the current pass expires. Any remaining validity from the current pass (up to six months) is added on to the renewal, so renewing early does not reduce or lose validity. The renewed pass can be granted for up to 3 years.",https://www.mom.gov.sg/passes-and-permits/employment-pass/renew-a-pass,"For your EP (Sponsorship) holder, here are the key timelines:

**Renewal window:** You can start applying **3 months** before the pass expires. Make sure you submit before the expiry date.

**Processing time:** Most EP (Sponsorship) renewals are processed **within 6 weeks**.

**IPA validity:** Once your renewal is approved, the IPA letter is valid for **3 months**.

You must get the pass issued before either the IPA expires or the current pass expires, whichever comes first. If you miss this deadline, an overstaying fine will be imposed.

The renewed pass duration will start when the current pass expires, and any remaining validity from the current pass (up to 6 months) is added to the renewal—so you won't lose time by renewing early.

Can I help with anything else about the renewal process?",3,"The chatbot accurately covers all key points: 3-month renewal window, 6-week processing time, 3-month IPA validity, overstaying fine warning, and the carryover of remaining validity. This is substantively equivalent to the reference answer.",1,"USER: We have an EP holder on an EP (Sponsorship) whose pass is expiring soon. I want to make sure I submit the renewal in time — how early can I start the renewal, and how long should I expect processing to take? Also, once we get the IPA letter, how long is it valid for?

BOT: For your EP (Sponsorship) holder, here are the key timelines:

**Renewal window:** You can start applying **3 months** before the pass expires. Make sure you submit before the expiry date.

**Processing time:** Most EP (Sponsorship) renewals are processed **within 6 weeks**.

**IPA validity:** Once your renewal is approved, the IPA letter is valid for **3 months**.

You must get the pass issued before either the IPA expires or the current pass expires, whichever comes first. If you miss this deadline, an overstaying fine will be imposed.

The renewed pass duration will start when the current pass expires, and any remaining validity from the current pass (up to 6 months) is added to the renewal—so you won't lose time by renewing early.

Can I help with anything else about the renewal process?"
q-0003,simple,workpass_candidate,I'm looking into the Employment Pass for a candidate we want to hire in Singapore. What's the minimum salary needed to qualify? ,"The qualifying salary for an Employment Pass is a fixed monthly salary comparable to the top one-third of local PMET salaries. It starts from $5,600 and increases progressively with age, up to $10,700 for candidates in their mid-40s. Candidates in the financial services sector need higher salaries than these amounts to qualify. The actual value varies with age and sector of employment. ",https://www.mom.gov.sg/passes-and-permits/employment-pass/key-facts,"The minimum qualifying salary for an Employment Pass depends on the candidate's age and the sector they'll be working in.

**For general sectors (excluding financial services):**
- Age 23 or below: **$5,600/month**
- The threshold increases progressively with age:
  - Age 30: $7,223
  - Age 35: $8,382
  - Age 40: $9,541
  - Age 45 and above: **$10,700/month**

**For the financial services sector**, the thresholds are higher:
- Age 23 or below: **$6,200/month**
- Age 45 and above: **$11,800/month**

These are **fixed monthly salaries** (basic salary plus fixed monthly allowances).

**Important:** Meeting the qualifying salary is only Stage 1. Unless exempted, candidates must also pass **COMPASS** (Stage 2), a points-based assessment requiring at least 40 points across six criteria. Candidates earning $22,500 or more per month are exempt from COMPASS.

What's the candidate's age? I can give you the exact threshold that applies.",3,"The chatbot's answer is accurate and comprehensive, covering the minimum salary ($5,600), progressive increase with age (up to $10,700), and higher thresholds for financial services sector. It provides even more detail than the reference answer with specific age breakdowns and additional context about COMPASS requirements.",1,"USER: I'm looking into the Employment Pass for a candidate we want to hire in Singapore. What's the minimum salary needed to qualify? 

BOT: The minimum qualifying salary for an Employment Pass depends on the candidate's age and the sector they'll be working in.

**For general sectors (excluding financial services):**
- Age 23 or below: **$5,600/month**
- The threshold increases progressively with age:
  - Age 30: $7,223
  - Age 35: $8,382
  - Age 40: $9,541
  - Age 45 and above: **$10,700/month**

**For the financial services sector**, the thresholds are higher:
- Age 23 or below: **$6,200/month**
- Age 45 and above: **$11,800/month**

These are **fixed monthly salaries** (basic salary plus fixed monthly allowances).

**Important:** Meeting the qualifying salary is only Stage 1. Unless exempted, candidates must also pass **COMPASS** (Stage 2), a points-based assessment requiring at least 40 points across six criteria. Candidates earning $22,500 or more per month are exempt from COMPASS.

What's the candidate's age? I can give you the exact threshold that applies."
q-0004,simple,workpass_human_resource,"We have a candidate who's been approved for an ONE Pass. His common-law partner wants to come along and eventually work here. What type of pass does the common-law spouse get, and can they work in Singapore on that pass?",A common-law spouse (defined as a common-law relationship between 2 people that is recognised under the laws of their country or region) of an Overseas Networks & Expertise Pass holder is eligible for a Long-Term Visit Pass (LTVP). Common-law spouses on LTVP can apply for a Letter of Consent (LOC) to work in Singapore.,https://www.mom.gov.sg/passes-and-permits/overseas-networks-expertise-pass/passes-for-families,"The common-law partner qualifies for a **Long-Term Visit Pass** (LTVP).

Yes, they can work in Singapore on that pass. The common-law spouse must apply for a **Letter of Consent** (LOC) through a prospective employer. The employer completes the LOC application form and submits it online on behalf of the common-law spouse. Processing takes around 8 weeks, and the LTVP must have at least 3 months' validity before applying.

The LOC allows the common-law spouse to work or run a business while holding the LTVP. This is different from other LTVP holders (such as parents or stepchildren of the ONE Pass holder), who would need to obtain a separate work pass—Employment Pass, S Pass, or Work Permit—to work here.

Can I help with anything else about the ONE Pass or family passes?",3,"The chatbot correctly identifies LTVP for the common-law partner and LOC for work authorization, matching the reference answer while providing additional helpful procedural details.",1,"USER: We have a candidate who's been approved for an ONE Pass. His common-law partner wants to come along and eventually work here. What type of pass does the common-law spouse get, and can they work in Singapore on that pass?

BOT: The common-law partner qualifies for a **Long-Term Visit Pass** (LTVP).

Yes, they can work in Singapore on that pass. The common-law spouse must apply for a **Letter of Consent** (LOC) through a prospective employer. The employer completes the LOC application form and submits it online on behalf of the common-law spouse. Processing takes around 8 weeks, and the LTVP must have at least 3 months' validity before applying.

The LOC allows the common-law spouse to work or run a business while holding the LTVP. This is different from other LTVP holders (such as parents or stepchildren of the ONE Pass holder), who would need to obtain a separate work pass—Employment Pass, S Pass, or Work Permit—to work here.

Can I help with anything else about the ONE Pass or family passes?"
q-0005,simple,workpass_candidate,"I'm an employer planning to apply for an Employment Pass for a candidate. How long does it take to process the application, and how much is the application fee?","The processing time and fee depend on whether the employer has a Singapore-registered company or not. For employers with a Singapore-registered company applying online via the EP eService, the application is processed or given an update within 10 business days, and the application fee is $105, payable by GIRO, Visa, Mastercard, or Amex. For overseas companies without a Singapore-registered company (sponsorship cases), a local sponsor must submit the application, the processing time is within 6 weeks for most cases (some cases may take longer), and the application fee is also $105, payable by PayNow, Visa, Mastercard, or Amex. In either case, if additional information or documents are required, the processing time may take longer than the stated timeframes.",https://www.mom.gov.sg/passes-and-permits/employment-pass/apply-for-a-pass,"The Employment Pass application is processed **within 10 business days** for most cases when you apply online through the standard route.

The application fee is **$105**.

If you're applying for an overseas company without a Singapore-registered entity (EP Sponsorship route), processing takes **within 6 weeks** for most cases, with the same $105 application fee.

Can I help with anything else about the Employment Pass application?",2,"Covers the key points (10 business days for standard, 6 weeks for sponsorship, $105 fee) but omits details about payment methods and the caveat that processing may take longer if additional documents are required.",1,"USER: I'm an employer planning to apply for an Employment Pass for a candidate. How long does it take to process the application, and how much is the application fee?

BOT: The Employment Pass application is processed **within 10 business days** for most cases when you apply online through the standard route.

The application fee is **$105**.

If you're applying for an overseas company without a Singapore-registered entity (EP Sponsorship route), processing takes **within 6 weeks** for most cases, with the same $105 application fee.

Can I help with anything else about the Employment Pass application?"
q-0006,simple,workpass_human_resource,"We have a candidate who wants to apply for the ONE Pass, but our company is not publicly listed. Can we use our company valuation to qualify as an established company, or is there another way for non-listed companies to meet the criteria?","No, company valuation is not accepted as an alternative to market capitalisation. Non-publicly listed companies must meet the annual revenue criterion of at least US$200 million to be considered established companies, as they do not have market capitalisation. If the prospective employer does not meet the established company criteria, the candidate may still apply for the Overseas Networks & Expertise Pass after earning a fixed monthly salary of at least S$30,000 for the 12 consecutive months leading up to the date of application. Alternatively, the candidate may apply for another work pass such as the Employment Pass, Personalised Employment Pass, EntrePass, or Tech.Pass.",https://www.mom.gov.sg/faq/one-pass,"No, company valuation cannot be used to qualify as an established company for the ONE Pass.

Non-publicly listed companies must meet the annual revenue criterion of at least US$200 million to be considered established companies. Since your company is not publicly listed, it does not have a market capitalisation, so the revenue threshold is the only way to meet the established company requirement.

If your company does not meet the US$200 million annual revenue threshold, the candidate may still qualify for the ONE Pass through a different route: they can apply after earning a fixed monthly salary of at least S$30,000 for 12 consecutive months from any one employer (which does not need to be an established company).

Alternatively, if the candidate does not meet the ONE Pass criteria, they may consider applying for other work passes such as the Employment Pass, Personalised Employment Pass, EntrePass, or Tech.Pass.

Can I help with anything else regarding the ONE Pass application?",3,"The chatbot's answer is accurate and comprehensive, covering all key points: valuation is not accepted, non-listed companies must meet US$200M revenue threshold, the alternative S$30,000 salary route for 12 consecutive months, and other work pass options (EP, PEP, EntrePass, Tech.Pass).",1,"USER: We have a candidate who wants to apply for the ONE Pass, but our company is not publicly listed. Can we use our company valuation to qualify as an established company, or is there another way for non-listed companies to meet the criteria?

BOT: No, company valuation cannot be used to qualify as an established company for the ONE Pass.

Non-publicly listed companies must meet the annual revenue criterion of at least US$200 million to be considered established companies. Since your company is not publicly listed, it does not have a market capitalisation, so the revenue threshold is the only way to meet the established company requirement.

If your company does not meet the US$200 million annual revenue threshold, the candidate may still qualify for the ONE Pass through a different route: they can apply after earning a fixed monthly salary of at least S$30,000 for 12 consecutive months from any one employer (which does not need to be an established company).

Alternatively, if the candidate does not meet the ONE Pass criteria, they may consider applying for other work passes such as the Employment Pass, Personalised Employment Pass, EntrePass, or Tech.Pass.

Can I help with anything else regarding the ONE Pass application?"
q-0007,simple,workpass_candidate,"We're applying for an Employment Pass for a candidate whose qualification verification through a background screening company has been pending for over two weeks. The candidate's university is one of the institutions listed in the application form's drop-down list. Do we have to wait for the verification to come back before we can submit the EP application, or is there some workaround?","If your verification is still pending after 14 working days and your awarding institution is from the application form's drop-down list of accredited institutions, you can submit the receipt for the verification service in lieu of the verification proof in the work pass application. Once the work pass application is approved, you can bring in the candidate and get their pass issued. You do not need to submit the verification proof to MOM after that. However, if the qualification is found to be false, the work pass will be revoked and the candidate must leave Singapore.",https://www.mom.gov.sg/passes-and-permits/employment-pass/documents-required,"Yes, there is a workaround. If your verification through the background screening company is still pending **after 14 working days** and the candidate's university is **from the application form's drop-down list** of accredited institutions, you can submit the **receipt for the verification service** instead of the full verification proof when you apply.

Once the application is approved, you can bring the candidate in and get their pass issued — you do not need to submit the verification proof to MOM later. However, if the qualification is subsequently found to be false, the work pass will be revoked and the candidate must leave Singapore.

Can I help with anything else regarding your EP application?",3,"The chatbot's answer covers all key points from the reference: the 14 working days threshold, the drop-down list condition, submitting the receipt in lieu of verification proof, no need to submit proof later, and the consequence of false qualifications. Accurate and comprehensive.",1,"USER: We're applying for an Employment Pass for a candidate whose qualification verification through a background screening company has been pending for over two weeks. The candidate's university is one of the institutions listed in the application form's drop-down list. Do we have to wait for the verification to come back before we can submit the EP application, or is there some workaround?

BOT: Yes, there is a workaround. If your verification through the background screening company is still pending **after 14 working days** and the candidate's university is **from the application form's drop-down list** of accredited institutions, you can submit the **receipt for the verification service** instead of the full verification proof when you apply.

Once the application is approved, you can bring the candidate in and get their pass issued — you do not need to submit the verification proof to MOM later. However, if the qualification is subsequently found to be false, the work pass will be revoked and the candidate must leave Singapore.

Can I help with anything else regarding your EP application?"
q-0008,simple,workpass_human_resource,"We have a candidate who earned S$30,000/month overseas for the past 12 months at a company with annual revenue of US$180 million and market cap of US$450 million. The company's global offices combined have annual revenue exceeding US$200 million though. Does the company qualify as established, and what documents do we need to submit for this candidate?","For a company to be considered established, it must have at least one of the following: market capitalisation of at least US$500 million, or annual revenue of at least US$200 million. Combined amounts from the entire global office can also be considered and will be assessed on a case-by-case basis. So while the individual office does not meet either threshold on its own, the combined global revenue exceeding US$200 million may qualify, but this will be assessed case-by-case by MOM.

For a candidate whose current or last held employment was overseas, the following documents are required:
1. Passport page (including any amendments). If the candidate's name in their passport differs from their name in other documents, an explanation letter and supporting documents such as a deed poll are also needed.
2. Monthly payslips for the 12 consecutive months leading up to the date of application.
3. Employment verification proof from a background screening company.
4. Documents supporting other income sources other than fixed monthly salary (if applicable).
5. Latest financial information of the candidate's employer obtained within the last 3 months, including documents indicating the latest market capitalisation or annual company revenue. If this information is not available, the company's latest audited Profit & Loss statements may be provided instead. MOM will only consider documents from third party auditors; documents signed by the company's management staff will not be accepted.

Additionally, if the candidate drew salaries from more than one employer in the 12 consecutive months leading up to the date of application, the qualifying fixed monthly salary of at least S$30,000 (or its equivalent in foreign currency) should come from one employer only. Other sources of income may be considered on a case-by-case basis.",https://www.mom.gov.sg/passes-and-permits/overseas-networks-expertise-pass,"Yes, the company qualifies as established. Combined amounts from the entire global office can be considered, and since the global offices together exceed US$200 million in annual revenue, the established company criterion is met.

For your candidate applying based on overseas employment, you need to submit:

**Required documents:**

1. **Monthly payslips** for the 12 consecutive months leading up to the application date

2. **Employment verification proof** from a background screening company

3. **Latest financial information** of the employer obtained within the last 3 months showing the global office combined annual revenue exceeds US$200 million. You can get this from:
   - Annual reports
   - Stock exchange filings
   - Financial databases (Bloomberg, Capital IQ, Refinitiv)
   - Company registry documents

   If this information isn't available, provide the company's latest audited Profit & Loss statements from a third-party auditor (documents signed only by company management won't be accepted)

4. **Passport biodata page** including any amendments

5. **Documents supporting other income sources** (if applicable, beyond the fixed monthly salary)

The application fee is $105, with an additional $225 issuance fee once approved. Processing takes around 4 weeks for most cases.

Can I help with anything else regarding this application?",2,"Covers key documents and the global revenue consideration, but incorrectly states the company definitively qualifies when the reference says it's assessed case-by-case. Also omits the requirement for an explanation letter if passport name differs from other documents.",1,"USER: We have a candidate who earned S$30,000/month overseas for the past 12 months at a company with annual revenue of US$180 million and market cap of US$450 million. The company's global offices combined have annual revenue exceeding US$200 million though. Does the company qualify as established, and what documents do we need to submit for this candidate?

BOT: Yes, the company qualifies as established. Combined amounts from the entire global office can be considered, and since the global offices together exceed US$200 million in annual revenue, the established company criterion is met.

For your candidate applying based on overseas employment, you need to submit:

**Required documents:**

1. **Monthly payslips** for the 12 consecutive months leading up to the application date

2. **Employment verification proof** from a background screening company

3. **Latest financial information** of the employer obtained within the last 3 months showing the global office combined annual revenue exceeds US$200 million. You can get this from:
   - Annual reports
   - Stock exchange filings
   - Financial databases (Bloomberg, Capital IQ, Refinitiv)
   - Company registry documents

   If this information isn't available, provide the company's latest audited Profit & Loss statements from a third-party auditor (documents signed only by company management won't be accepted)

4. **Passport biodata page** including any amendments

5. **Documents supporting other income sources** (if applicable, beyond the fixed monthly salary)

The application fee is $105, with an additional $225 issuance fee once approved. Processing takes around 4 weeks for most cases.

Can I help with anything else regarding this application?"
q-0009,simple,workpass_candidate,"We want to appoint an EP holder from another company to our Board of Directors. How long does the approval process take, what documents do we need, and how long is the approval valid for?","The process takes within 5 weeks. The document required is the Employment Pass holder's appointment letter to take up directorship. The validity of the Letter of Consent (LOC) is up to the expiry or cancellation date of the EP holder's current Employment Pass. When the EP is successfully renewed, you need to apply for a new LOC.",https://www.mom.gov.sg/passes-and-permits/employment-pass/taking-up-secondary-directorship,"The approval process takes **within 5 weeks**.

**Documents required:**
- The Employment Pass holder's appointment letter to take up directorship

**Validity:**
The Letter of Consent (LOC) is valid up to the expiry or cancellation date of the EP holder's current Employment Pass. When the EP is renewed, you'll need to apply for a new LOC.

**Important conditions:**
The LOC will generally be granted only if your company is **related by shareholding** to the EP holder's primary employer (as reflected in ACRA records). This includes:
- Direct corporate shareholding relationships
- Indirect relationships such as holding companies or subsidiaries of the holding company

**Your steps:**
1. Confirm the EP holder's current employer has no objection to them taking on the directorship
2. Apply for the Letter of Consent from MOM
3. Once approved, register the directorship with ACRA

If your company is **not related by shareholding** to the EP holder's employer, you'll need support from a relevant sector government agency for the application to be considered.",3,"The chatbot accurately covers all key points from the reference: 5 weeks processing time, appointment letter as required document, and LOC validity tied to EP expiry with need to reapply upon renewal. Additional context about shareholding conditions and steps is helpful supplementary information, not noise.",1,"USER: We want to appoint an EP holder from another company to our Board of Directors. How long does the approval process take, what documents do we need, and how long is the approval valid for?

BOT: The approval process takes **within 5 weeks**.

**Documents required:**
- The Employment Pass holder's appointment letter to take up directorship

**Validity:**
The Letter of Consent (LOC) is valid up to the expiry or cancellation date of the EP holder's current Employment Pass. When the EP is renewed, you'll need to apply for a new LOC.

**Important conditions:**
The LOC will generally be granted only if your company is **related by shareholding** to the EP holder's primary employer (as reflected in ACRA records). This includes:
- Direct corporate shareholding relationships
- Indirect relationships such as holding companies or subsidiaries of the holding company

**Your steps:**
1. Confirm the EP holder's current employer has no objection to them taking on the directorship
2. Apply for the Letter of Consent from MOM
3. Once approved, register the directorship with ACRA

If your company is **not related by shareholding** to the EP holder's employer, you'll need support from a relevant sector government agency for the application to be considered."
q-0010,simple,workpass_human_resource,We're looking to hire a carbon credit trader and want to claim the COMPASS C5 Skills Bonus. What are the eligibility requirements for the candidate under the SOL for that role?,"For the carbon credit trader/broker role on the SOL, the candidate must minimally meet both criteria (1) and (2): (1) Minimum total three years' work experience in carbon markets or carbon credit-related fields. (2) At least a degree-equivalent qualification (i.e. score 10 points on COMPASS C2. Qualifications criteria). Enterprise Singapore (EnterpriseSG) will assess all applications that meet these criteria and may contact employers for a business profile, including details on their carbon trading business. The supporting agency is EnterpriseSG. Note that the job duties for this role include trading or brokering carbon credits, originating and structuring carbon credit deals, facilitating transactions between buyers and sellers of carbon credits, and performing carbon market research and analysis on topics such as different types of carbon credits and their attributes, quality of carbon credits (e.g. Core Carbon Principles and Assessment Framework), factors that affect price dynamics in over-the-counter markets or exchanges, and international regulations and policies regarding carbon markets (e.g. Paris Agreement Article 6) as well as global and national compliance schemes and their evolving regulations (e.g. Australia, China, EU ETS). Additionally, the candidate needs to perform the job duties listed for the specific shortage occupation, meet the additional requirements as stated in the SOL Employer Guide, and you need to select the shortage occupation in the EP application. The candidate should select one of the eligible job titles in the EP application form, which must be the same as the occupation for the job advertisement in MyCareersFuture (unless exempted from the FCF job advertising requirement). This SOL was released in November 2025 and applies to new and renewal EP applications from 1 January 2026.",https://www.mom.gov.sg/passes-and-permits/employment-pass/eligibility/compass-c5-skills-bonus-shortage-occupation-list-sol,"For a **carbon credit trader** role to qualify for the COMPASS C5 Skills Bonus under the Shortage Occupation List, your candidate must meet the following requirements:

## Eligible Job Title
- **Carbon trader**

## Key Job Duties
The candidate must perform these duties:
- Trade or broker carbon credits
- Originate and structure carbon credit deals
- Facilitate transactions between buyers and sellers of carbon credits
- Perform carbon market research and analysis on:
  - Different types of carbon credits and their attributes (project type, region, co-benefits, crediting mechanism)
  - Quality of carbon credits (e.g. Core Carbon Principles and Assessment Framework)
  - Price dynamics in over-the-counter markets or exchanges
  - International regulations and policies regarding carbon markets (e.g. Paris Agreement Article 6), as well as global and national compliance schemes and evolving regulations

## Additional Requirements
The candidate must **minimally meet both** of these criteria:

1. **Minimum three years' total work experience** in carbon markets or carbon credit-related fields

2. **At least a degree-equivalent qualification** (i.e. score 10 points on COMPASS C2 Qualifications criterion)

## Important Notes
- **Enterprise Singapore (EnterpriseSG)** will assess all applications that meet these criteria and may contact you for a business profile, including details on your carbon trading business
- The job title in your EP application must match the occupation advertised on MyCareersFuture (unless you're exempt from FCF advertising requirements)

Can I help with anything else regarding the EP application or COMPASS assessment?",3,"The chatbot's answer covers all essential eligibility requirements: the two mandatory criteria (3 years' experience in carbon markets and degree-equivalent qualification), the job duties, EnterpriseSG as the assessing agency, and the job title matching requirement. It accurately reflects the reference answer's key points.",1,"USER: We're looking to hire a carbon credit trader and want to claim the COMPASS C5 Skills Bonus. What are the eligibility requirements for the candidate under the SOL for that role?

BOT: For a **carbon credit trader** role to qualify for the COMPASS C5 Skills Bonus under the Shortage Occupation List, your candidate must meet the following requirements:

## Eligible Job Title
- **Carbon trader**

## Key Job Duties
The candidate must perform these duties:
- Trade or broker carbon credits
- Originate and structure carbon credit deals
- Facilitate transactions between buyers and sellers of carbon credits
- Perform carbon market research and analysis on:
  - Different types of carbon credits and their attributes (project type, region, co-benefits, crediting mechanism)
  - Quality of carbon credits (e.g. Core Carbon Principles and Assessment Framework)
  - Price dynamics in over-the-counter markets or exchanges
  - International regulations and policies regarding carbon markets (e.g. Paris Agreement Article 6), as well as global and national compliance schemes and evolving regulations

## Additional Requirements
The candidate must **minimally meet both** of these criteria:

1. **Minimum three years' total work experience** in carbon markets or carbon credit-related fields

2. **At least a degree-equivalent qualification** (i.e. score 10 points on COMPASS C2 Qualifications criterion)

## Important Notes
- **Enterprise Singapore (EnterpriseSG)** will assess all applications that meet these criteria and may contact you for a business profile, including details on your carbon trading business
- The job title in your EP application must match the occupation advertised on MyCareersFuture (unless you're exempt from FCF advertising requirements)

Can I help with anything else regarding the EP application or COMPASS assessment?"
q-0011,simple,workpass_candidate,"My company is lowering the salary of one of our EP holders. How far in advance do we need to notify MOM, and what happens if the new salary doesn't meet the qualifying threshold?","As an employer, you must submit a request to MOM at least 1 month before the date you intend to lower the salary. The pass holder must continue to qualify for the work pass they are holding with the revised salary. You may use the Self-Assessment Tool (SAT) to find out if they are likely to meet the qualifying salary. If they do not qualify with the revised salary, you should cancel the work pass and apply for a new work pass based on the pass holder's eligibility.",https://www.mom.gov.sg/passes-and-permits/employment-pass/notify-mom-of-changes,"You must notify MOM **at least 1 month in advance** if you are lowering an EP holder's salary.

**What happens if the new salary doesn't meet the qualifying threshold:**

The pass holder must continue to qualify for the EP with the revised salary. If the new salary falls below the EP qualifying salary for their age, the EP holder will no longer be eligible for the pass. In that case, you should:

1. Cancel the current EP, and
2. Apply for a new work pass based on their eligibility (for example, an S Pass if they meet those criteria)

You can use the [Self-Assessment Tool (SAT)](https://www.mom.gov.sg/eservices/services/employment-s-pass-self-assessment-tool) to check whether the EP holder will still meet the qualifying salary and COMPASS requirements at the new salary level before you proceed with the reduction.",3,"The chatbot's answer covers all key points: 1-month advance notice, requirement to continue qualifying, using SAT to check eligibility, and canceling/applying for new pass if threshold not met. The additional detail about COMPASS and S Pass example is helpful context, not noise.",1,"USER: My company is lowering the salary of one of our EP holders. How far in advance do we need to notify MOM, and what happens if the new salary doesn't meet the qualifying threshold?

BOT: You must notify MOM **at least 1 month in advance** if you are lowering an EP holder's salary.

**What happens if the new salary doesn't meet the qualifying threshold:**

The pass holder must continue to qualify for the EP with the revised salary. If the new salary falls below the EP qualifying salary for their age, the EP holder will no longer be eligible for the pass. In that case, you should:

1. Cancel the current EP, and
2. Apply for a new work pass based on their eligibility (for example, an S Pass if they meet those criteria)

You can use the [Self-Assessment Tool (SAT)](https://www.mom.gov.sg/eservices/services/employment-s-pass-self-assessment-tool) to check whether the EP holder will still meet the qualifying salary and COMPASS requirements at the new salary level before you proceed with the reduction."
q-0012,simple,workpass_human_resource,"We're a high-growth startup incorporated in Singapore and we want to know if we can qualify for the SEP bonus under COMPASS. We've raised about USD 12 million over the last 3 years from a VC that isn't EDBI or SEEDS Capital. Does that count, or does the funding have to come from specific investors?","High-growth startups incorporated in Singapore can qualify for the SEP bonus if they have a minimum investment amount of USD 10 million over the past 36 months. The funding must have been received from EDBI, SEEDS Capital, or other recognised investment firms (there is a separate list of recognised investment firms maintained for this purpose). So your startup would meet the investment threshold (USD 12 million exceeds the USD 10 million minimum) and the 36-month timeframe, but the VC firm you received funding from must be on the list of recognised investment firms. If it is not EDBI or SEEDS Capital, it needs to be one of the other firms on that recognised list. This programme is supported by Enterprise Singapore (EnterpriseSG), and you can contact them at ENTERPRISESG_COMPASS@enterprisesg.gov.sg for queries, including whether your investor qualifies.",https://www.mom.gov.sg/passes-and-permits/employment-pass/eligibility/compass-c6-strategic-economic-priorities-sep-bonus-eligible-programmes,"Based on the SEP bonus eligibility criteria, **your startup can potentially qualify**, but the funding source matters.

For high-growth startups (Programme #8), you need to meet these requirements:

1. **Incorporated in Singapore** ✓ (you mentioned you are)
2. **Minimum USD $10 million investment over the past 36 months** ✓ (you have USD $12 million over 3 years)
3. **Funding from specific investors:**
   - EDBI
   - SEEDS Capital
   - **OR other recognised investment firms**

The key question is whether your VC qualifies as a ""recognised investment firm."" The document references a separate list of recognised investment firms, but the specific criteria aren't detailed in what I can see here.

**Next steps:**

Contact **EnterpriseSG** directly at **ENTERPRISESG_COMPASS@enterprisesg.gov.sg** to:
- Confirm whether your VC investor is on the recognised investment firms list
- Get verification of your eligibility for the SEP bonus

They're the supporting agency for the high-growth startup pathway and can give you a definitive answer on whether your specific funding arrangement qualifies.",3,"The chatbot accurately covers all key points: Singapore incorporation requirement, USD 10 million threshold over 36 months, the need for funding from EDBI, SEEDS Capital, or other recognised investment firms, and provides the correct EnterpriseSG contact email for verification.",1,"USER: We're a high-growth startup incorporated in Singapore and we want to know if we can qualify for the SEP bonus under COMPASS. We've raised about USD 12 million over the last 3 years from a VC that isn't EDBI or SEEDS Capital. Does that count, or does the funding have to come from specific investors?

BOT: Based on the SEP bonus eligibility criteria, **your startup can potentially qualify**, but the funding source matters.

For high-growth startups (Programme #8), you need to meet these requirements:

1. **Incorporated in Singapore** ✓ (you mentioned you are)
2. **Minimum USD $10 million investment over the past 36 months** ✓ (you have USD $12 million over 3 years)
3. **Funding from specific investors:**
   - EDBI
   - SEEDS Capital
   - **OR other recognised investment firms**

The key question is whether your VC qualifies as a ""recognised investment firm."" The document references a separate list of recognised investment firms, but the specific criteria aren't detailed in what I can see here.

**Next steps:**

Contact **EnterpriseSG** directly at **ENTERPRISESG_COMPASS@enterprisesg.gov.sg** to:
- Confirm whether your VC investor is on the recognised investment firms list
- Get verification of your eligibility for the SEP bonus

They're the supporting agency for the high-growth startup pathway and can give you a definitive answer on whether your specific funding arrangement qualifies."
q-0013,simple,workpass_candidate,"We're hiring a 30-year-old candidate for a role in our banking company. What fixed monthly salary does he need to score points under the COMPASS C1 salary criterion, and is there a way to get the maximum 20 points?","For the Banking & Other Financial Services Activities n.e.c. sector, a 30-year-old candidate needs a fixed monthly salary of at least $11,251 to score 10 points under C1 (this is the 65th percentile of local PMET salaries in that sector). To score the maximum 20 points, the candidate needs at least $17,401 (the 90th percentile). These benchmarks were released in August 2025 and are updated once a year to reflect the latest market conditions. The required salary increases progressively with age, from age 23 to age 45. For this sector, the range starts at $7,510 (10 points) / $11,151 (20 points) for candidates aged 23 or below, and rises to $19,266 (10 points) / $30,793 (20 points) for candidates aged 45 or above. Additionally, candidates who do not meet the EP qualifying salary will not be eligible for an EP regardless of COMPASS points scored under C1. EP candidates earning at least $22,500 in fixed monthly salary are exempted from COMPASS entirely.",https://www.mom.gov.sg/passes-and-permits/employment-pass/eligibility/compass-c1-salary-benchmarks,"For a 30-year-old candidate in your banking company, here are the COMPASS C1 salary benchmarks:

**To score 10 points (65th percentile):**
- Fixed monthly salary of **$11,251**

**To score the maximum 20 points (90th percentile):**
- Fixed monthly salary of **$17,401**

These figures are from the current benchmarks (released August 2025). Note that the benchmarks are updated annually, and there are slightly higher thresholds coming into effect for applications from August 2026 onwards ($11,499 for 10 points, $17,473 for 20 points).

The C1 salary criterion is just one of six COMPASS criteria. Your candidate's total COMPASS score across all six criteria must reach at least 40 points to pass Stage 2 of the EP eligibility assessment.

Can I help with anything else about the EP application or COMPASS assessment?",3,"The chatbot correctly identifies the exact salary thresholds ($11,251 for 10 points, $17,401 for 20 points) for a 30-year-old in banking, mentions the August 2025 release date and annual updates, and provides helpful additional context about COMPASS scoring requirements.",1,"USER: We're hiring a 30-year-old candidate for a role in our banking company. What fixed monthly salary does he need to score points under the COMPASS C1 salary criterion, and is there a way to get the maximum 20 points?

BOT: For a 30-year-old candidate in your banking company, here are the COMPASS C1 salary benchmarks:

**To score 10 points (65th percentile):**
- Fixed monthly salary of **$11,251**

**To score the maximum 20 points (90th percentile):**
- Fixed monthly salary of **$17,401**

These figures are from the current benchmarks (released August 2025). Note that the benchmarks are updated annually, and there are slightly higher thresholds coming into effect for applications from August 2026 onwards ($11,499 for 10 points, $17,473 for 20 points).

The C1 salary criterion is just one of six COMPASS criteria. Your candidate's total COMPASS score across all six criteria must reach at least 40 points to pass Stage 2 of the EP eligibility assessment.

Can I help with anything else about the EP application or COMPASS assessment?"
q-0014,simple,workpass_candidate,I have an EP holder working for us who does manual labour. Do I need to buy medical insurance or work injury compensation insurance for them? I'm confused about what's actually required for EP holders versus other pass types.,"Providing medical insurance is not a requirement for employing Employment Pass (EP) holders. Most EP holders may already have their own medical insurance or may want to choose their own coverage. For EP holders without existing medical insurance, employers can choose to provide insurance coverage as part of the employment contract, or encourage them to get their own. The medical insurance requirement applies only to Work Permit and S Pass holders, in line with employers' existing responsibility for the upkeep and maintenance of their migrant workers, including the provision of medical treatment.

However, for work injury compensation (WIC) insurance, buying it is only mandatory if you are employing manual workers or non-manual workers earning less than $1,600 a month. So if your EP holder is a manual worker, you are required to purchase work injury compensation insurance for them. Whether or not you have purchased WIC insurance, you are still required to pay compensation for an eligible claim.

Additionally, under the Work Injury Compensation Act (WICA), you are obligated to pay any eligible claims for workplace injuries. You are also obligated to provide paid sick leave, including dental leave, to any employee covered under the Employment Act.",https://www.mom.gov.sg/faq/employment-pass,"For your EP holder doing manual labour, here's what you need to know:

**Medical insurance:** Not required. Unlike Work Permit and S Pass holders, EP holders are not subject to a mandatory medical insurance requirement. Most EP holders have their own coverage, or you can choose to provide it as part of their employment package.

**Work injury compensation insurance:** Required. Because your EP holder is a manual worker, you must buy work injury compensation insurance for them. The requirement applies to all manual workers regardless of pass type, and also to non-manual workers earning below $1,600/month.

Even if you don't purchase the insurance, you're still legally obligated to pay compensation for any eligible work injury claim under the Work Injury Compensation Act (WICA).

The key difference from other pass types: Work Permit and S Pass holders always require medical insurance (as part of the employer's upkeep obligations), but the work injury compensation insurance requirement is occupation-based, not pass-based—it's triggered by the manual nature of the work.",3,"The chatbot's answer accurately covers all key points: medical insurance not required for EP holders (unlike WP/S Pass), WIC insurance required for manual workers regardless of pass type, and the ongoing obligation to pay eligible claims under WICA. The explanation is clear and directly addresses the user's confusion about EP holders versus other pass types.",1,"USER: I have an EP holder working for us who does manual labour. Do I need to buy medical insurance or work injury compensation insurance for them? I'm confused about what's actually required for EP holders versus other pass types.

BOT: For your EP holder doing manual labour, here's what you need to know:

**Medical insurance:** Not required. Unlike Work Permit and S Pass holders, EP holders are not subject to a mandatory medical insurance requirement. Most EP holders have their own coverage, or you can choose to provide it as part of their employment package.

**Work injury compensation insurance:** Required. Because your EP holder is a manual worker, you must buy work injury compensation insurance for them. The requirement applies to all manual workers regardless of pass type, and also to non-manual workers earning below $1,600/month.

Even if you don't purchase the insurance, you're still legally obligated to pay compensation for any eligible work injury claim under the Work Injury Compensation Act (WICA).

The key difference from other pass types: Work Permit and S Pass holders always require medical insurance (as part of the employer's upkeep obligations), but the work injury compensation insurance requirement is occupation-based, not pass-based—it's triggered by the manual nature of the work."
q-0015,simple,workpass_human_resource,"We have a candidate who's currently on a Dependant's Pass under an Overseas Networks & Expertise Pass holder — not the spouse, just a dependent. They want to work for us. Can they just get a Letter of Consent like spouses do, or do they need a separate work pass?","Only spouses of Overseas Networks & Expertise Pass holders can work or operate a business in Singapore with a Letter of Consent (LOC). Other dependants who are not spouses will need to obtain a work pass to work for an employer in Singapore. If the dependant obtains an EP or S Pass, they will be granted the work and stay privileges associated with that pass, their stay will no longer depend on the main Overseas Networks & Expertise Pass holder, and they will need to cancel their Dependant's Pass before the EP or S Pass is issued. If the dependant obtains a Work Permit instead, they must hold on to both the Work Permit and the Dependant's Pass; the Work Permit validity will be tied to the DP's validity; they can apply for any Work Permit regardless of nationality or citizenship; they are not subject to the six-monthly medical examination, security bond, or pregnancy restrictions; and they do not need medical insurance from the employer if they are already covered under a medical insurance plan that meets MOM's prevailing minimum mandatory insurance coverage requirement.",https://www.mom.gov.sg/passes-and-permits/overseas-networks-expertise-pass/passes-for-families/dependants-pass-for-overseas-networks-expertise-pass,"They need a separate work pass. The Letter of Consent is only available to **spouses** of ONE Pass holders. Other dependants — including children — must obtain a work pass (Employment Pass, S Pass, or Work Permit) to work in Singapore.

Your candidate would apply for whichever work pass they qualify for based on their salary, qualifications, and the role you're offering. The application would follow the standard process for that pass type, with you as the employer applying on their behalf.

Can I help you work out which pass they'd be eligible for?",2,"Correctly states LOC is only for spouses and that other dependants need a work pass, but omits key details about EP/S Pass requiring DP cancellation, Work Permit allowing retention of both passes, and the special exemptions for WP holders on DP.",1,"USER: We have a candidate who's currently on a Dependant's Pass under an Overseas Networks & Expertise Pass holder — not the spouse, just a dependent. They want to work for us. Can they just get a Letter of Consent like spouses do, or do they need a separate work pass?

BOT: They need a separate work pass. The Letter of Consent is only available to **spouses** of ONE Pass holders. Other dependants — including children — must obtain a work pass (Employment Pass, S Pass, or Work Permit) to work in Singapore.

Your candidate would apply for whichever work pass they qualify for based on their salary, qualifications, and the role you're offering. The application would follow the standard process for that pass type, with you as the employer applying on their behalf.

Can I help you work out which pass they'd be eligible for?"
q-0016,simple,workpass_candidate,"I'm an EP holder earning $6,000 a month. I'd like to bring my parents over to Singapore — is that possible?","No, not at a salary of $6,000 a month. While EP holders earning at least $6,000 a month can bring in certain family members (legally married spouse and unmarried children under 21 on a Dependant's Pass; common-law spouse, unmarried handicapped children aged 21 and above, and unmarried step-children under 21 on a Long-Term Visit Pass), parents can only be brought in on a Long-Term Visit Pass if the EP holder earns at least $12,000 a month.",https://www.mom.gov.sg/passes-and-permits/employment-pass,"No, at your current salary of $6,000 a month you cannot bring your parents to Singapore. 

To sponsor your parents for a Long-Term Visit Pass, you need to earn at least **$12,000** a month.

At $6,000, you are eligible to bring your legally married spouse and unmarried children under 21 (who would get a Dependant's Pass), or your common-law spouse, step-children under 21, or handicapped children aged 21 and above (who would get a Long-Term Visit Pass) — but not your parents.

Can I help with anything else?",3,"The chatbot's answer is accurate and comprehensive, correctly stating that parents require $12,000/month, explaining what family members can be brought at $6,000, and distinguishing between Dependant's Pass and Long-Term Visit Pass eligibility.",1,"USER: I'm an EP holder earning $6,000 a month. I'd like to bring my parents over to Singapore — is that possible?

BOT: No, at your current salary of $6,000 a month you cannot bring your parents to Singapore. 

To sponsor your parents for a Long-Term Visit Pass, you need to earn at least **$12,000** a month.

At $6,000, you are eligible to bring your legally married spouse and unmarried children under 21 (who would get a Dependant's Pass), or your common-law spouse, step-children under 21, or handicapped children aged 21 and above (who would get a Long-Term Visit Pass) — but not your parents.

Can I help with anything else?"
q-0017,simple,workpass_human_resource,We're looking to hire a carbon credit trader and want to claim the COMPASS C5 Skills Bonus under the SOL. What are the requirements the candidate needs to meet for that specific role?,"For the Carbon credit trader role on the SOL, the candidate must minimally meet both of the following criteria: (1) Minimum total three years' work experience in carbon markets or carbon credit-related fields, and (2) At least a degree-equivalent qualification (i.e. score 10 points on COMPASS C2. Qualifications criteria). Additionally, Enterprise Singapore (EnterpriseSG) will assess all applications that meet these criteria and may contact employers for a business profile, including details on their carbon trading business. The supporting agency is EnterpriseSG. Note that unlike many other SOL occupations where MOM verifies the firm's involvement in the relevant space directly with agencies, for this role it is EnterpriseSG that assesses the applications. The candidate also needs to perform the listed job duties, which include: trading or brokering carbon credits; originating and structuring carbon credit deals; facilitating transactions between buyers and sellers of carbon credits; and performing carbon market research and analysis on topics such as different types of carbon credits and their attributes, quality of carbon credits (e.g. Core Carbon Principles and Assessment Framework), factors affecting price dynamics in OTC markets or exchanges, and international regulations and policies regarding carbon markets (e.g. Paris Agreement Article 6) as well as global and national compliance schemes and their evolving regulations (e.g. Australia, China, EU ETS). You must also select the shortage occupation in the EP application, and the job title selected must match the occupation used for the job advertisement on MyCareersFuture (unless exempted from the FCF job advertising requirement). This SOL was released in November 2025 and applies to new and renewal EP applications from 1 January 2026.",https://www.mom.gov.sg/passes-and-permits/employment-pass/upcoming-changes-to-employment-pass-eligibility/complementarity-assessment-framework-compass/compass-shortage-occupation-list#what-additional-requirements-must-my-candidate-meet-to-obtain-the-sol-bonus-points,"For a **carbon credit trader** to qualify for the COMPASS C5 Skills Bonus under the Shortage Occupation List, your candidate must meet these requirements:

**Job Duties:**
The candidate must perform these key duties:
- Trade or broker carbon credits
- Originate and structure carbon credit deals
- Facilitate transactions between buyers and sellers of carbon credits
- Perform carbon market research and analysis on:
  - Different types of carbon credits and their attributes (project type, region, co-benefits, crediting mechanism)
  - Quality of carbon credits (e.g. Core Carbon Principles and Assessment Framework)
  - Price dynamics in over-the-counter markets or exchanges
  - International regulations and policies regarding carbon markets (e.g. Paris Agreement Article 6), global and national compliance schemes and evolving regulations

**Minimum Requirements:**
The candidate must meet **both** of these criteria:

1. **Minimum 3 years' work experience** in carbon markets or carbon credit-related fields

2. **At least a degree-equivalent qualification** (i.e. must score 10 points on COMPASS C2 Qualifications criterion)

**Additional Assessment:**
Enterprise Singapore (EnterpriseSG) will assess all applications that meet these criteria and may contact you for a business profile, including details on your carbon trading business.

**Application Details:**
- Select ""Carbon trader"" as the job title in the EP application form
- This must match the occupation advertised on MyCareersFuture (unless you're exempt from FCF advertising requirements)

Can I help with anything else regarding the EP application or COMPASS requirements?",3,"The chatbot's answer covers all essential requirements: the two minimum criteria (3 years experience and degree-equivalent qualification), the job duties, EnterpriseSG assessment process, and the job title matching requirement for MyCareersFuture. The only minor omission is the effective date (January 2026), but this doesn't affect the substantive requirements the user asked about.",1,"USER: We're looking to hire a carbon credit trader and want to claim the COMPASS C5 Skills Bonus under the SOL. What are the requirements the candidate needs to meet for that specific role?

BOT: For a **carbon credit trader** to qualify for the COMPASS C5 Skills Bonus under the Shortage Occupation List, your candidate must meet these requirements:

**Job Duties:**
The candidate must perform these key duties:
- Trade or broker carbon credits
- Originate and structure carbon credit deals
- Facilitate transactions between buyers and sellers of carbon credits
- Perform carbon market research and analysis on:
  - Different types of carbon credits and their attributes (project type, region, co-benefits, crediting mechanism)
  - Quality of carbon credits (e.g. Core Carbon Principles and Assessment Framework)
  - Price dynamics in over-the-counter markets or exchanges
  - International regulations and policies regarding carbon markets (e.g. Paris Agreement Article 6), global and national compliance schemes and evolving regulations

**Minimum Requirements:**
The candidate must meet **both** of these criteria:

1. **Minimum 3 years' work experience** in carbon markets or carbon credit-related fields

2. **At least a degree-equivalent qualification** (i.e. must score 10 points on COMPASS C2 Qualifications criterion)

**Additional Assessment:**
Enterprise Singapore (EnterpriseSG) will assess all applications that meet these criteria and may contact you for a business profile, including details on your carbon trading business.

**Application Details:**
- Select ""Carbon trader"" as the job title in the EP application form
- This must match the occupation advertised on MyCareersFuture (unless you're exempt from FCF advertising requirements)

Can I help with anything else regarding the EP application or COMPASS requirements?"
q-0018,simple,workpass_candidate,"My partner holds an Overseas Networks & Expertise Pass, and I'm their common-law spouse on a Long-Term Visit Pass issued by MOM. I want to work in Singapore — what do I need to do, and how long will it take to get approved?","As a common-law spouse holding a Long-Term Visit Pass (LTVP) issued by MOM under an Overseas Networks & Expertise Pass holder, you need to apply for a Letter of Consent (LOC). Your prospective employer must complete the application on your behalf by: (1) downloading and filling in the Letter of Consent (Common-Law Spouse) application form, and (2) submitting the completed form with the relevant supporting documents online at go.gov.sg/mom-submit-loc-cls. The form should be completed using Adobe Acrobat Reader DC, as it may not appear correctly with other PDF readers. The form can only be used if the LTVP was issued by the Ministry of Manpower. If the LTVP is valid for less than 3 months, it must be renewed before submitting the application. The duration applied for can be up to 60 months, though if approved, the period granted may be shorter than what was indicated. It takes around 8 weeks to process the application. Supporting documents required include: the original completed and signed application form (1 PDF, up to 7 MB), the travel document page showing the applicant's personal particulars (1 PDF or JPG, up to 1 MB), and — if applicable — an SFA licence for food establishments (1 PDF, up to 2 MB), a support letter from Enterprise Singapore for Representative Office applications (1 PDF, up to 3 MB), and registration or support letters from the relevant vetting agency/professional body/accreditation agency if the applicant will take on regulated occupations such as Dentist (Singapore Dental Council), Doctor (Singapore Medical Council), Emergency Medical Technician or Paramedic (Unit for Prehospital Emergency Care), Lawyer (Legal Services Regulatory Authority), Diagnostic radiographer/Occupational therapist/Physiotherapist/Radiation therapist/Speech therapist (Allied Health Professionals Council), Nurse (Singapore Nursing Board), Pharmacist (Singapore Pharmacy Council), TCM practitioner (Traditional Chinese Medicine Practitioners Board), or Football player/Coach (Sport Singapore) (1 PDF, up to 3 MB). Non-English documents must be accompanied by an English translation done by a translation service provider. MOM may also ask for additional documents during review. Note: Long-Term Visit Pass holders who are not common-law spouses cannot use this LOC process and must instead obtain a work pass (Employment Pass, S Pass, or Work Permit) through a prospective employer, meeting all the criteria for the relevant pass.",https://www.mom.gov.sg/passes-and-permits/overseas-networks-expertise-pass/passes-for-families/long-term-visit-pass-for-overseas-networks-expertise-pass/working-in-singapore,"As a common-law spouse of an Overseas Networks & Expertise Pass holder on a Long-Term Visit Pass, you can apply for a Letter of Consent to work in Singapore.

Your prospective employer needs to complete and submit the Letter of Consent (Common-Law Spouse) application form on your behalf. The process takes approximately **8 weeks**.

Before applying, your LTVP must have at least 3 months' validity remaining. The employer will need to provide company details, your employment information (occupation, salary, duties), and supporting documents including your passport biodata page and the completed signed application form.

For certain regulated occupations—such as doctor, nurse, lawyer, pharmacist, or physiotherapist—you'll also need a registration or support letter from the relevant professional body.

Once approved, the Letter of Consent allows you to work or run a business in Singapore while holding your LTVP.

Can I help with anything else about the application process?",2,"Covers key points: LOC requirement, employer submits, 8-week processing, 3-month LTVP validity, regulated occupations need professional body letters. Omits submission URL, form completion tool (Adobe Acrobat), specific document size limits, full list of regulated professions, and translation requirement for non-English documents.",1,"USER: My partner holds an Overseas Networks & Expertise Pass, and I'm their common-law spouse on a Long-Term Visit Pass issued by MOM. I want to work in Singapore — what do I need to do, and how long will it take to get approved?

BOT: As a common-law spouse of an Overseas Networks & Expertise Pass holder on a Long-Term Visit Pass, you can apply for a Letter of Consent to work in Singapore.

Your prospective employer needs to complete and submit the Letter of Consent (Common-Law Spouse) application form on your behalf. The process takes approximately **8 weeks**.

Before applying, your LTVP must have at least 3 months' validity remaining. The employer will need to provide company details, your employment information (occupation, salary, duties), and supporting documents including your passport biodata page and the completed signed application form.

For certain regulated occupations—such as doctor, nurse, lawyer, pharmacist, or physiotherapist—you'll also need a registration or support letter from the relevant professional body.

Once approved, the Letter of Consent allows you to work or run a business in Singapore while holding your LTVP.

Can I help with anything else about the application process?"
q-0019,simple,workpass_human_resource,"We're looking at an EP application for a candidate aged 34 who would be joining our financial services firm. What's the current EP qualifying salary for this candidate, and what will it change to under the new rates?","For a candidate aged 34 in the financial services sector, the current EP qualifying salary is $9,000 (applicable to new applications before 1 Jan 2027 and renewals expiring before 1 Jan 2028). From 1 Jan 2027 for new applications, and for renewal of passes expiring from 1 Jan 2028, the qualifying salary will increase to $9,650. These figures are part of a progressive scale that increases with age from age 23, starting at $6,200 (current) / $6,600 (new) for age 23 or below, up to $11,800 (current) / $12,700 (new) at age 45 and above for the financial services sector.",https://www.mom.gov.sg/passes-and-permits/employment-pass/eligibility,"For a 34-year-old candidate joining your financial services firm, the EP qualifying salary thresholds are:

**Current rate:** $9,000 per month

**New rate (from 1 January 2027 for new applications):** $9,650 per month

Since today's date is 12 September 2026, the current rate of $9,000 still applies to new applications submitted now. The new rate of $9,650 will take effect for new applications from 1 January 2027, and for renewals of passes expiring from 1 January 2028.

The candidate must also pass COMPASS Stage 2 (scoring at least 40 points) unless they earn a fixed monthly salary of at least $22,500, which exempts them from COMPASS.",3,"The chatbot correctly states the current EP qualifying salary ($9,000) and the new rate ($9,650) for a 34-year-old in financial services, along with accurate effective dates for new applications and renewals. The additional COMPASS information is helpful context, not noise.",1,"USER: We're looking at an EP application for a candidate aged 34 who would be joining our financial services firm. What's the current EP qualifying salary for this candidate, and what will it change to under the new rates?

BOT: For a 34-year-old candidate joining your financial services firm, the EP qualifying salary thresholds are:

**Current rate:** $9,000 per month

**New rate (from 1 January 2027 for new applications):** $9,650 per month

Since today's date is 12 September 2026, the current rate of $9,000 still applies to new applications submitted now. The new rate of $9,650 will take effect for new applications from 1 January 2027, and for renewals of passes expiring from 1 January 2028.

The candidate must also pass COMPASS Stage 2 (scoring at least 40 points) unless they earn a fixed monthly salary of at least $22,500, which exempts them from COMPASS."
q-0020,medium,workpass_human_resource,"We're bringing in an integrated circuit engineer for our semiconductor fab. The candidate has a Bachelor's in Physics. I want to make sure we meet the requirements for this role under COMPASS — does the candidate need to satisfy both the semiconductor firm verification and the degree requirement, or is one sufficient? And do we need to submit any proof to MOM that we're in the semiconductor space?","The candidate must meet both criteria simultaneously — it is not sufficient to satisfy only one. First, the candidate's employer must be a firm involved in the Semiconductor space; MOM verifies this directly with EDB, so no additional documentation from the employer is required. However, new entrants to the Semiconductor space can reach out to EDB. Second, the candidate must hold at least a Bachelor's Degree in an engineering or science faculty, which includes but is not limited to qualifications relating to those fields. A Bachelor's in Physics would fall under a science faculty and should satisfy the degree requirement. Since MOM verifies the firm's semiconductor involvement directly with EDB, the employer does not need to submit additional documentation for that criterion.",https://www.mom.gov.sg/passes-and-permits/employment-pass/upcoming-changes-to-employment-pass-eligibility/complementarity-assessment-framework-compass/compass-shortage-occupation-list#what-additional-requirements-must-my-candidate-meet-to-obtain-the-sol-bonus-points,"For an **integrated circuit engineer** role in your semiconductor fab, your candidate with a Bachelor's in Physics **must satisfy both requirements** to qualify for the C5 Skills Bonus:

**Requirement 1: Semiconductor firm verification**  
Your company must be involved in the semiconductor space. MOM verifies this directly with EDB, so you don't need to submit proof yourself. If you're a new entrant to the semiconductor space, you can reach out to EDB.

**Requirement 2: Degree requirement**  
The candidate must have at least a Bachelor's Degree in an engineering/science faculty. The guidance specifically lists acceptable faculties as:
- Electrical Engineering
- Mechanical Engineering
- Chemical Engineering
- Materials Engineering
- Material Sciences

The list states it is ""inclusive of, and not limited to"" these fields, meaning **Physics qualifies** as an engineering/science faculty degree.

**Both conditions must be met** — they are not alternatives. The SOL Employer Guide clearly states applicants should meet ""**both** criteria (1) and (2).""

**Regarding documentation:** You do **not** need to submit proof that you're in the semiconductor space — MOM verifies this directly with EDB. However, you should upload the candidate's Physics degree under the qualifications section of the EP application form, along with verification proof of the qualification's authenticity.",3,"The chatbot correctly states both criteria must be met, explains MOM verifies semiconductor status with EDB (no employer documentation needed), and confirms Physics qualifies as a science faculty degree. All key points from the reference are covered accurately.",1,"USER: We're bringing in an integrated circuit engineer for our semiconductor fab. The candidate has a Bachelor's in Physics. I want to make sure we meet the requirements for this role under COMPASS — does the candidate need to satisfy both the semiconductor firm verification and the degree requirement, or is one sufficient? And do we need to submit any proof to MOM that we're in the semiconductor space?

BOT: For an **integrated circuit engineer** role in your semiconductor fab, your candidate with a Bachelor's in Physics **must satisfy both requirements** to qualify for the C5 Skills Bonus:

**Requirement 1: Semiconductor firm verification**  
Your company must be involved in the semiconductor space. MOM verifies this directly with EDB, so you don't need to submit proof yourself. If you're a new entrant to the semiconductor space, you can reach out to EDB.

**Requirement 2: Degree requirement**  
The candidate must have at least a Bachelor's Degree in an engineering/science faculty. The guidance specifically lists acceptable faculties as:
- Electrical Engineering
- Mechanical Engineering
- Chemical Engineering
- Materials Engineering
- Material Sciences

The list states it is ""inclusive of, and not limited to"" these fields, meaning **Physics qualifies** as an engineering/science faculty degree.

**Both conditions must be met** — they are not alternatives. The SOL Employer Guide clearly states applicants should meet ""**both** criteria (1) and (2).""

**Regarding documentation:** You do **not** need to submit proof that you're in the semiconductor space — MOM verifies this directly with EDB. However, you should upload the candidate's Physics degree under the qualifications section of the EP application form, along with verification proof of the qualification's authenticity."
q-0021,medium,workpass_candidate,I'm applying for an Employment Pass for a cybersecurity engineer role. My candidate doesn't have a degree — he studied at a polytechnic — but he's been working as an ICT security architect for the past 4 years. Would he still qualify for the skills bonus under the shortage occupation list?,"Yes, he would still qualify. The additional requirements state that candidates need either (1a) at least a Bachelor's degree in specified faculties (Computer Science, Information Technology, Programming & Systems Analysis, or Science (Computer Studies)), OR (1b) a minimum total of three years' work experience in at least one of the eligible job titles, which include Cybersecurity architect, Cybersecurity engineer, ICT security engineer, ICT security architect, and Information systems security developer. Since your candidate has 4 years of experience as an ICT security architect — which is one of the listed job titles and exceeds the 3-year minimum — he would meet the requirement under pathway (1b) even without a Bachelor's degree.",https://www.mom.gov.sg/passes-and-permits/employment-pass/eligibility/compass-c5-skills-bonus-shortage-occupation-list-sol,"Based on the Shortage Occupation List requirements, your candidate **can still qualify** for the C5 Skills Bonus even without a degree.

For the **Cybersecurity architect** role (which includes ICT security architect), the requirements allow **either**:

**(1a)** At least a Bachelor's degree in Computer Science, Information Technology, Programming & Systems Analysis, or Science (Computer Studies)

**OR**

**(1b)** Minimum total **three years' work experience** in one of these job titles:
- Cybersecurity architect
- Cybersecurity engineer
- ICT security engineer
- **ICT security architect** ✓
- Information systems security developer

Since your candidate has been working as an ICT security architect for the past 4 years, he meets the alternative pathway **(1b)** and qualifies for the C5 Skills Bonus — no degree required.

When you submit the EP application, make sure to:
- Select ""ICT security architect"" or ""Cybersecurity architect"" as the job title
- List his 4 years of ICT security architect experience in the work experience section
- Use the same occupation in your MyCareersFuture job advertisement (unless you're exempt from advertising)

Can I help with anything else about the application?",3,"The chatbot's answer is accurate and comprehensive, correctly explaining both pathways (1a and 1b), listing the eligible job titles, confirming the candidate qualifies via the 3-year experience pathway with his 4 years as ICT security architect, and even providing helpful application tips.",1,"USER: I'm applying for an Employment Pass for a cybersecurity engineer role. My candidate doesn't have a degree — he studied at a polytechnic — but he's been working as an ICT security architect for the past 4 years. Would he still qualify for the skills bonus under the shortage occupation list?

BOT: Based on the Shortage Occupation List requirements, your candidate **can still qualify** for the C5 Skills Bonus even without a degree.

For the **Cybersecurity architect** role (which includes ICT security architect), the requirements allow **either**:

**(1a)** At least a Bachelor's degree in Computer Science, Information Technology, Programming & Systems Analysis, or Science (Computer Studies)

**OR**

**(1b)** Minimum total **three years' work experience** in one of these job titles:
- Cybersecurity architect
- Cybersecurity engineer
- ICT security engineer
- **ICT security architect** ✓
- Information systems security developer

Since your candidate has been working as an ICT security architect for the past 4 years, he meets the alternative pathway **(1b)** and qualifies for the C5 Skills Bonus — no degree required.

When you submit the EP application, make sure to:
- Select ""ICT security architect"" or ""Cybersecurity architect"" as the job title
- List his 4 years of ICT security architect experience in the work experience section
- Use the same occupation in your MyCareersFuture job advertisement (unless you're exempt from advertising)

Can I help with anything else about the application?"
q-0022,medium,workpass_human_resource,We have a candidate's spouse who already has a Letter of Consent to work for another company. Now the spouse also started their own business here. Can we apply for a separate LOC so the spouse can work for us as well?,"No. A spouse can only hold one LOC at a time, as they are only allowed to work for one employer. Furthermore, if the spouse owns a business, they are considered employed by their own company, which means they cannot apply for an additional LOC to work for another employer. So in this case, the spouse who owns a business is already treated as employed by that business and would not be eligible for a second LOC to work for your company.",https://www.mom.gov.sg/faq/one-pass,"No, you cannot apply for a separate Letter of Consent for the spouse to work for your company.

A spouse can only hold one LOC at a time, as they are only allowed to work for one employer. Since the spouse already owns a business, they are considered employed by their own company and cannot apply for an additional LOC to work for another employer.

Business ownership counts as employment under these rules, so the spouse would need to choose between continuing to run their own business or working for your company—they cannot do both simultaneously under the LOC framework.",3,"The chatbot's answer is accurate and comprehensive, correctly explaining that a spouse can only hold one LOC at a time, that business ownership counts as employment, and therefore the spouse cannot obtain an additional LOC to work for the user's company.",1,"USER: We have a candidate's spouse who already has a Letter of Consent to work for another company. Now the spouse also started their own business here. Can we apply for a separate LOC so the spouse can work for us as well?

BOT: No, you cannot apply for a separate Letter of Consent for the spouse to work for your company.

A spouse can only hold one LOC at a time, as they are only allowed to work for one employer. Since the spouse already owns a business, they are considered employed by their own company and cannot apply for an additional LOC to work for another employer.

Business ownership counts as employment under these rules, so the spouse would need to choose between continuing to run their own business or working for your company—they cannot do both simultaneously under the LOC framework."
q-0023,medium,workpass_candidate,I just got my Employment Pass renewal approved and the notification letter says I should continue using my existing card. But I already mailed the old card back to MOM before reading the letter carefully. Is there any cost to get it replaced?,"Yes. If the notification letter states that you should continue using the existing card, the card must be kept by the pass holder. If you return it when you don't need to, you will have to pay $65.40 (including GST) to replace the pass card.",https://www.mom.gov.sg/passes-and-permits/employment-pass/renew-a-pass,"Yes, there is a cost. If the notification letter told you to continue using your existing card and you returned it unnecessarily, you'll need to pay **$65.40 (including GST)** to replace the pass.

The guidance specifically notes this scenario: ""If you return it when you don't need to, you have to pay $65.40 (including GST) to replace the pass.""

Your employer will need to apply for the replacement card through the EP eService. The process is usually immediate, and you can collect the new card at the Employment Pass Services Centre 4 working days after approval.

Can I help with anything else regarding your Employment Pass renewal?",3,The chatbot correctly states the $65.40 (including GST) replacement cost and accurately explains the scenario. It also provides helpful additional information about the replacement process that doesn't contradict the reference answer.,1,"USER: I just got my Employment Pass renewal approved and the notification letter says I should continue using my existing card. But I already mailed the old card back to MOM before reading the letter carefully. Is there any cost to get it replaced?

BOT: Yes, there is a cost. If the notification letter told you to continue using your existing card and you returned it unnecessarily, you'll need to pay **$65.40 (including GST)** to replace the pass.

The guidance specifically notes this scenario: ""If you return it when you don't need to, you have to pay $65.40 (including GST) to replace the pass.""

Your employer will need to apply for the replacement card through the EP eService. The process is usually immediate, and you can collect the new card at the Employment Pass Services Centre 4 working days after approval.

Can I help with anything else regarding your Employment Pass renewal?"
q-0024,medium,workpass_human_resource,"We're putting together an EP application for a candidate who's 30 years old for our technology consultancy company. I want to understand the COMPASS salary benchmarks — what fixed monthly salary do we need to hit for the C1 criterion to score points, and what's the difference between the 10-point and 20-point thresholds at that age?","For a candidate aged 30, the required salary for 10 COMPASS points (which corresponds to the 65th percentile of local PMETs in ICT, information communication technology sector) is $8,971 , and the required salary for 20 points (the 90th percentile of local PMETs in ICT ) is $13,959. The difference between the two thresholds at age 30 is $4,988.",https://www.mom.gov.sg/passes-and-permits/employment-pass/eligibility/compass-c1-salary-benchmarks,"You're right - I calculated $4,988 as the difference between $13,959 and $8,971, which I did read from the loaded packet. Let me verify all figures came from the loaded content:

From the loaded packet ""www.mom.gov.sg.passes-and-permits.employment-pass.eligibility.compass-c1-salary-benchmarks"", specifically the Info-communication Technology sector table for age 30:

- 10 points (65th percentile): $8,971
- 20 points (90th percentile): $13,959
- The difference: $13,959 - $8,971 = $4,988

All three figures came from the loaded packet content. The first two were directly stated in the table, and the third is simple arithmetic from those two figures.

For your 30-year-old candidate in a technology consultancy company, here are the COMPASS C1 salary benchmarks:

**Info-communication Technology sector (age 30):**

- **10 points (65th percentile):** $8,971 fixed monthly salary
- **20 points (90th percentile):** $13,959 fixed monthly salary

**The difference:** $4,988 per month between the two thresholds.

So to score any C1 points, your candidate needs at least $8,971. To score the maximum 20 points under C1, they need $13,959 or above.

Keep in mind that COMPASS requires a total of 40 points across all six criteria to pass, so the C1 score is just one component. Also, your candidate must first meet the EP qualifying salary threshold for their age before COMPASS even applies.",3,"The chatbot provides the correct salary benchmarks ($8,971 for 10 points, $13,959 for 20 points) and the correct difference ($4,988), matching the reference answer exactly. Additional context about COMPASS requirements is helpful, not detrimental.",1,"USER: We're putting together an EP application for a candidate who's 30 years old for our technology consultancy company. I want to understand the COMPASS salary benchmarks — what fixed monthly salary do we need to hit for the C1 criterion to score points, and what's the difference between the 10-point and 20-point thresholds at that age?

BOT: You're right - I calculated $4,988 as the difference between $13,959 and $8,971, which I did read from the loaded packet. Let me verify all figures came from the loaded content:

From the loaded packet ""www.mom.gov.sg.passes-and-permits.employment-pass.eligibility.compass-c1-salary-benchmarks"", specifically the Info-communication Technology sector table for age 30:

- 10 points (65th percentile): $8,971
- 20 points (90th percentile): $13,959
- The difference: $13,959 - $8,971 = $4,988

All three figures came from the loaded packet content. The first two were directly stated in the table, and the third is simple arithmetic from those two figures.

For your 30-year-old candidate in a technology consultancy company, here are the COMPASS C1 salary benchmarks:

**Info-communication Technology sector (age 30):**

- **10 points (65th percentile):** $8,971 fixed monthly salary
- **20 points (90th percentile):** $13,959 fixed monthly salary

**The difference:** $4,988 per month between the two thresholds.

So to score any C1 points, your candidate needs at least $8,971. To score the maximum 20 points under C1, they need $13,959 or above.

Keep in mind that COMPASS requires a total of 40 points across all six criteria to pass, so the C1 score is just one component. Also, your candidate must first meet the EP qualifying salary threshold for their age before COMPASS even applies."
q-0025,medium,workpass_candidate,We're a startup incorporated in Singapore and we've raised about USD 12 million over the last 3 years from SEEDS Capital. Would we qualify for the COMPASS Strategic Economic Priorities bonus? What exactly are the requirements for startups?,"Yes, based on the eligibility criteria listed, high-growth startups can qualify for the SEP bonus, but they must meet all of the following conditions: (1) the startup must be incorporated in Singapore, (2) it must have received a minimum investment amount of USD $10 million over the past 36 months, and (3) the funding must have been received from EDBI, SEEDS Capital, or other recognised investment firms. Since your startup is incorporated in Singapore, raised USD 12 million (which exceeds the USD 10 million minimum), within the past 3 years (36 months), and the funding came from SEEDS Capital (which is one of the specifically named sources), you would appear to meet the eligibility requirements. This programme falls under Enterprise Singapore (EnterpriseSG).",https://www.mom.gov.sg/passes-and-permits/employment-pass/eligibility/compass-c6-strategic-economic-priorities-sep-bonus-eligible-programmes,"Yes, your startup would likely qualify for the COMPASS C6 Strategic Economic Priorities (SEP) bonus based on your SEEDS Capital funding.

**Requirements for high-growth startups:**

Your company must meet **all** of these criteria:

1. **Incorporated in Singapore** ✓ (you meet this)

2. **Minimum investment of USD $10 million over the past 36 months** ✓ (you have USD $12 million over 3 years)

3. **Received funding from one of the following:**
   - EDBI
   - **SEEDS Capital** ✓ (you meet this)
   - Other recognised investment firms (there's a list maintained by EnterpriseSG)

Since you've raised USD $12 million from SEEDS Capital over the last 3 years and are incorporated in Singapore, you meet all the criteria for the high-growth startup category under the SEP bonus programme.

**What this means for your EP applications:**

The SEP bonus gives you 10 points under the COMPASS C6 criterion, which helps your candidates reach the 40-point pass mark more easily. However, to claim the SEP bonus, your company must also meet minimum thresholds on two other COMPASS criteria:
- C3 (Diversity): At least 10 points
- C4 (Support for local employment): At least 10 points

If you have questions about your specific eligibility or need confirmation, you can contact EnterpriseSG directly at **ENTERPRISESG_COMPASS@enterprisesg.gov.sg**.",3,"The chatbot accurately covers all three eligibility requirements (Singapore incorporation, USD 10M minimum over 36 months, funding from SEEDS Capital/EDBI/recognized firms), correctly confirms the user qualifies, and mentions EnterpriseSG. It adds helpful context about COMPASS points that goes beyond the reference but is relevant and accurate.",1,"USER: We're a startup incorporated in Singapore and we've raised about USD 12 million over the last 3 years from SEEDS Capital. Would we qualify for the COMPASS Strategic Economic Priorities bonus? What exactly are the requirements for startups?

BOT: Yes, your startup would likely qualify for the COMPASS C6 Strategic Economic Priorities (SEP) bonus based on your SEEDS Capital funding.

**Requirements for high-growth startups:**

Your company must meet **all** of these criteria:

1. **Incorporated in Singapore** ✓ (you meet this)

2. **Minimum investment of USD $10 million over the past 36 months** ✓ (you have USD $12 million over 3 years)

3. **Received funding from one of the following:**
   - EDBI
   - **SEEDS Capital** ✓ (you meet this)
   - Other recognised investment firms (there's a list maintained by EnterpriseSG)

Since you've raised USD $12 million from SEEDS Capital over the last 3 years and are incorporated in Singapore, you meet all the criteria for the high-growth startup category under the SEP bonus programme.

**What this means for your EP applications:**

The SEP bonus gives you 10 points under the COMPASS C6 criterion, which helps your candidates reach the 40-point pass mark more easily. However, to claim the SEP bonus, your company must also meet minimum thresholds on two other COMPASS criteria:
- C3 (Diversity): At least 10 points
- C4 (Support for local employment): At least 10 points

If you have questions about your specific eligibility or need confirmation, you can contact EnterpriseSG directly at **ENTERPRISESG_COMPASS@enterprisesg.gov.sg**."
q-0026,medium,workpass_human_resource,"We're hiring someone who currently holds a Dependant's Pass tied to an ONE Pass holder. She'll be coming on board on a Work Permit. Her current medical insurance already meets MOM's minimum mandatory coverage requirement. Do we still need to provide her with medical insurance, and are there any other sector-specific requirements she'd be exempt from?","If the DP holder already has medical insurance that meets MOM's prevailing minimum mandatory insurance coverage requirement, the employer does not need to provide medical insurance. In addition, a DP holder (tied to an ONE Pass) working on a Work Permit is exempt from the six-monthly medical examination, the security bond requirement, and pregnancy restrictions. There are also no nationality or citizenship restrictions on the Work Permit application, and the Work Permit validity will be tied to the DP's validity.",https://www.mom.gov.sg/passes-and-permits/overseas-networks-expertise-pass/passes-for-families/dependants-pass-for-overseas-networks-expertise-pass,"Yes, you **do not need to provide medical insurance** if her current medical insurance already meets MOM's minimum mandatory coverage requirement (at least $60,000 per year for inpatient care and day surgery, with the enhanced MI co-payment structure). The insurance plan must cover the full period of the Work Permit validity.

As a Dependant's Pass holder tied to an ONE Pass who obtains a Work Permit, she is exempt from several sector-specific requirements:

1. **Six-monthly medical examination** – not required
2. **Security bond** – you don't need to furnish the $5,000 security bond
3. **Pregnancy restrictions** – she is not subject to the usual Work Permit pregnancy restrictions
4. **Nationality restrictions** – she can apply for any Work Permit regardless of her nationality or citizenship
5. **Medical insurance** (conditional) – not required from you if she already has coverage meeting MOM's minimum requirements

She will need to hold both her Dependant's Pass and Work Permit concurrently, and the Work Permit validity will be tied to her Dependant's Pass validity.

Is there anything else you'd like to know about her Work Permit application?",3,"The chatbot's answer covers all key points from the reference: no need for employer-provided medical insurance if existing coverage meets requirements, exemption from six-monthly medical examination, security bond, pregnancy restrictions, and nationality restrictions, plus the Work Permit validity being tied to the DP validity. The additional details about coverage amounts and concurrent pass holding are accurate supplementary information.",1,"USER: We're hiring someone who currently holds a Dependant's Pass tied to an ONE Pass holder. She'll be coming on board on a Work Permit. Her current medical insurance already meets MOM's minimum mandatory coverage requirement. Do we still need to provide her with medical insurance, and are there any other sector-specific requirements she'd be exempt from?

BOT: Yes, you **do not need to provide medical insurance** if her current medical insurance already meets MOM's minimum mandatory coverage requirement (at least $60,000 per year for inpatient care and day surgery, with the enhanced MI co-payment structure). The insurance plan must cover the full period of the Work Permit validity.

As a Dependant's Pass holder tied to an ONE Pass who obtains a Work Permit, she is exempt from several sector-specific requirements:

1. **Six-monthly medical examination** – not required
2. **Security bond** – you don't need to furnish the $5,000 security bond
3. **Pregnancy restrictions** – she is not subject to the usual Work Permit pregnancy restrictions
4. **Nationality restrictions** – she can apply for any Work Permit regardless of her nationality or citizenship
5. **Medical insurance** (conditional) – not required from you if she already has coverage meeting MOM's minimum requirements

She will need to hold both her Dependant's Pass and Work Permit concurrently, and the Work Permit validity will be tied to her Dependant's Pass validity.

Is there anything else you'd like to know about her Work Permit application?"
q-0027,complex,workpass_candidate,"We're looking to hire a foreign specialist for a role that's on the Shortage Occupation List. Our candidate graduated from KU Leuven in Belgium. When we submit the EP application, do we just pick any job title, or is there a specific process we need to follow for the SOL role — and will the candidate's university help with the application?","For a Shortage Occupation List (SOL) role, the SOL bonus recognises jobs requiring highly specialised skills that are in shortage in the local workforce, determined through a robust evaluation process considering industry needs and local workforce development efforts. To qualify for this bonus: (1) the candidate must perform the job duties listed for the specific shortage occupation; (2) you must select one of the eligible job titles in the EP application (not just any title); and (3) the candidate must meet checks on additional job requirements if they fall into certain categories. Regarding the candidate's university, Katholieke Universiteit Leuven (KU Leuven) in Belgium is on the list of recognised institutions, which can support the EP application (e.g., for meeting qualification-related criteria). So the university credential from KU Leuven is recognised, but you still need to follow the specific SOL application requirements including selecting the correct eligible job title and ensuring the candidate meets the relevant job duty and additional requirement checks.",https://www.mom.gov.sg/passes-and-permits/employment-pass/eligibility,"You don't just pick any job title. There's a **specific process** you must follow for SOL roles:

**1. Select the exact eligible job title from the SOL**
When you submit the EP application, you must select one of the **eligible job titles** listed for that specific shortage occupation. This job title must also **match the occupation you advertised on MyCareersFuture** (unless you're exempt from the Fair Consideration Framework advertising requirement).

**2. Meet the additional requirements for that occupation**
Each SOL occupation has specific requirements your candidate must meet. These can include:
- **Relevant qualifications** – upload these under the qualifications section of the EP application form
- **Work experience in relevant job titles** – select these under the work experience section
- **Registration proof** (if required) – upload this in the agency support question

**3. Demonstrate the candidate performs the actual job duties**
Your candidate must actually perform the **key job duties** listed for that shortage occupation. MOM will verify this.

**Regarding your candidate's KU Leuven degree:**
KU Leuven (Katholieke Universiteit Leuven) in Belgium is on the **top-tier institutions list** for COMPASS C2 (Qualifications), which means:
- The degree earns **20 points** (the maximum) under C2
- You'll still need to submit **verification proof** confirming the qualification is authentic when you apply

**The university itself won't help with the application** – you (the employer) or your appointed employment agent must submit the EP application. The university's role is limited to providing the degree certificate and any verification documents you may need.

Can I help you with anything else about the SOL application process or COMPASS requirements?",3,"The chatbot accurately explains the SOL application process: selecting an eligible job title (not any title), meeting additional requirements, and performing the listed job duties. It correctly identifies KU Leuven as a recognized institution and clarifies that the university won't directly help with the application but provides credentials. The answer is comprehensive and aligns with the reference.",1,"USER: We're looking to hire a foreign specialist for a role that's on the Shortage Occupation List. Our candidate graduated from KU Leuven in Belgium. When we submit the EP application, do we just pick any job title, or is there a specific process we need to follow for the SOL role — and will the candidate's university help with the application?

BOT: You don't just pick any job title. There's a **specific process** you must follow for SOL roles:

**1. Select the exact eligible job title from the SOL**
When you submit the EP application, you must select one of the **eligible job titles** listed for that specific shortage occupation. This job title must also **match the occupation you advertised on MyCareersFuture** (unless you're exempt from the Fair Consideration Framework advertising requirement).

**2. Meet the additional requirements for that occupation**
Each SOL occupation has specific requirements your candidate must meet. These can include:
- **Relevant qualifications** – upload these under the qualifications section of the EP application form
- **Work experience in relevant job titles** – select these under the work experience section
- **Registration proof** (if required) – upload this in the agency support question

**3. Demonstrate the candidate performs the actual job duties**
Your candidate must actually perform the **key job duties** listed for that shortage occupation. MOM will verify this.

**Regarding your candidate's KU Leuven degree:**
KU Leuven (Katholieke Universiteit Leuven) in Belgium is on the **top-tier institutions list** for COMPASS C2 (Qualifications), which means:
- The degree earns **20 points** (the maximum) under C2
- You'll still need to submit **verification proof** confirming the qualification is authentic when you apply

**The university itself won't help with the application** – you (the employer) or your appointed employment agent must submit the EP application. The university's role is limited to providing the degree certificate and any verification documents you may need.

Can I help you with anything else about the SOL application process or COMPASS requirements?"
q-0028,complex,workpass_candidate,"We're looking to bring in a candidate on an EP for a Software Development Manager role. He doesn't have a degree in computer science or any related IT field — he studied mechanical engineering — but he does have about four years of experience as a Software Development Manager. Separately, we're also considering hiring a Relationship Manager for our family office private banking unit (we're a licensed FI with MAS). That candidate has two years of experience as a Relationship Manager in ultra-high net worth. Would both of these candidates qualify for the Skills Bonus under the shortage occupation list?","For the Software Development Manager role, the candidate can qualify for the C5 Skills Bonus on the Shortage Occupation List even without a relevant degree, because the additional requirements allow either (1a) at least a Bachelor's degree in Computer Science, Information Technology, Programming & Systems Analysis, or Science (Computer Studies), OR (1b) a minimum total of three years' work experience in at least one of the eligible job titles (Application development manager, Head of applications development, Software and applications manager, or Software development manager). Since your candidate has four years of experience as a Software Development Manager, he satisfies criterion (1b) and would be eligible. The supporting agency is IMDA.

For the Relationship Manager (ultra-high/high net worth / family office / philanthropy) role, the candidate would NOT qualify. The additional requirements for that role require the candidate to meet BOTH criteria: (1) the employer must be a Singapore licensed FI with private banking business (which your firm satisfies — MOM verifies this directly with MAS, no additional documentation needed), AND (2) the candidate must have a minimum total of three years' work experience as a Relationship Manager (ultra-high/high net worth / family office / philanthropy). Your candidate has only two years of experience, which falls short of the three-year minimum. The supporting agency is MAS.

So only the Software Development Manager candidate would qualify; the Relationship Manager candidate would not.",https://www.mom.gov.sg/passes-and-permits/employment-pass/upcoming-changes-to-employment-pass-eligibility/complementarity-assessment-framework-compass/compass-shortage-occupation-list#what-additional-requirements-must-my-candidate-meet-to-obtain-the-sol-bonus-points,"Based on the Shortage Occupation List requirements, here's the position for both candidates:

**Software Development Manager (Mechanical Engineering degree, 4 years' experience):**

**No** – this candidate does not qualify for the C5 Skills Bonus.

The SOL requires Software Development Managers to meet **either**:
- (1a) At least a Bachelor's degree in Computer Science, Information Technology, Programming & Systems Analysis, or Science (Computer Studies), **OR**
- (1b) Minimum three years' work experience in one of the listed job titles (which includes Software Development Manager)

While your candidate has four years of experience as a Software Development Manager (meeting criterion 1b), they have a degree in Mechanical Engineering. The SOL requires **either** the specified degree **or** the experience – so the experience pathway alone is sufficient. 

**Actually, this candidate DOES qualify** – they meet criterion (1b) with their four years of experience in the exact job title, regardless of their degree field.

---

**Relationship Manager (Private Banking, 2 years' experience):**

**No** – this candidate does not qualify for the C5 Skills Bonus.

The SOL requires Relationship Managers (ultra-high/high net worth / family office / philanthropy) to meet **both**:
1. Employer is a Singapore licensed FI with private banking business (✓ you meet this)
2. **Minimum three years' work experience** in the job title ""Relationship Manager (ultra-high/high net worth / family office / philanthropy)""

Your candidate has only two years of experience, falling short of the three-year minimum requirement.

---

**Summary:** The Software Development Manager qualifies for the Skills Bonus; the Relationship Manager does not due to insufficient experience.",3,"The chatbot correctly identifies that the Software Development Manager qualifies via the experience pathway (criterion 1b) despite the initial confusion, and correctly explains that the Relationship Manager does not qualify due to only having 2 years of experience versus the required 3 years. Both conclusions and reasoning match the reference answer.",1,"USER: We're looking to bring in a candidate on an EP for a Software Development Manager role. He doesn't have a degree in computer science or any related IT field — he studied mechanical engineering — but he does have about four years of experience as a Software Development Manager. Separately, we're also considering hiring a Relationship Manager for our family office private banking unit (we're a licensed FI with MAS). That candidate has two years of experience as a Relationship Manager in ultra-high net worth. Would both of these candidates qualify for the Skills Bonus under the shortage occupation list?

BOT: Based on the Shortage Occupation List requirements, here's the position for both candidates:

**Software Development Manager (Mechanical Engineering degree, 4 years' experience):**

**No** – this candidate does not qualify for the C5 Skills Bonus.

The SOL requires Software Development Managers to meet **either**:
- (1a) At least a Bachelor's degree in Computer Science, Information Technology, Programming & Systems Analysis, or Science (Computer Studies), **OR**
- (1b) Minimum three years' work experience in one of the listed job titles (which includes Software Development Manager)

While your candidate has four years of experience as a Software Development Manager (meeting criterion 1b), they have a degree in Mechanical Engineering. The SOL requires **either** the specified degree **or** the experience – so the experience pathway alone is sufficient. 

**Actually, this candidate DOES qualify** – they meet criterion (1b) with their four years of experience in the exact job title, regardless of their degree field.

---

**Relationship Manager (Private Banking, 2 years' experience):**

**No** – this candidate does not qualify for the C5 Skills Bonus.

The SOL requires Relationship Managers (ultra-high/high net worth / family office / philanthropy) to meet **both**:
1. Employer is a Singapore licensed FI with private banking business (✓ you meet this)
2. **Minimum three years' work experience** in the job title ""Relationship Manager (ultra-high/high net worth / family office / philanthropy)""

Your candidate has only two years of experience, falling short of the three-year minimum requirement.

---

**Summary:** The Software Development Manager qualifies for the Skills Bonus; the Relationship Manager does not due to insufficient experience."
q-0029,complex,workpass_human_resource,"We're a high-growth startup incorporated in Singapore. We've raised about USD 12 million over the last 3 years from a recognized VC firm (not EDBI or SEEDS Capital). We want to know if we'd qualify for the COMPASS C6 SEP bonus, and if so, which agency should we reach out to for confirmation?","Yes, your startup could be eligible for the C6 Strategic Economic Priorities (SEP) bonus. To qualify under this programme (S/N 8 in the eligible programmes list), your organisation must be a high-growth startup that is incorporated in Singapore with a minimum investment amount of USD 10 million over the past 36 months, and must have received funding from EDBI, SEEDS Capital, or other recognised investment firms. Since your startup has raised USD 12 million over the last 3 years from a recognised investment firm, you would meet the investment threshold and funding source criteria. Your organisation needs to participate in at least one of the eligible SEP programmes to be considered for the C6 SEP bonus. The supporting agency for this programme is Enterprise Singapore (EnterpriseSG), and you should contact them directly if you have any queries about your eligibility.",https://www.mom.gov.sg/passes-and-permits/employment-pass/eligibility/compass-c6-strategic-economic-priorities-sep-bonus-eligible-programmes,"Based on the C6 SEP bonus criteria, your startup **may qualify** under programme #8 if you meet all the conditions:

**Programme #8 eligibility criteria:**
- High-growth startups incorporated in Singapore
- Minimum investment of **USD $10 million** over the past 36 months
- Funding received from EDBI, SEEDS Capital, **or other recognised investment firms**

Since you've raised USD $12 million over the last 3 years from a recognized VC firm, you appear to meet the investment threshold and timeframe requirements.

**Next steps:**

Contact **Enterprise Singapore (EnterpriseSG)** to confirm your eligibility:
- Email: **ENTERPRISESG_COMPASS@enterprisesg.gov.sg**

They will verify whether:
1. Your VC firm is on the list of ""recognised investment firms"" 
2. Your startup meets all the high-growth criteria for programme #8

EnterpriseSG is the supporting agency for this programme and can provide definitive confirmation of your SEP bonus eligibility.

Is there anything else you'd like to know about the COMPASS assessment or EP applications?",3,"The chatbot accurately identifies the eligibility criteria for programme #8, correctly states the USD 10 million threshold, mentions the recognized investment firm requirement, and directs the user to Enterprise Singapore as the supporting agency. It even provides a contact email, which adds helpful detail beyond the reference answer.",1,"USER: We're a high-growth startup incorporated in Singapore. We've raised about USD 12 million over the last 3 years from a recognized VC firm (not EDBI or SEEDS Capital). We want to know if we'd qualify for the COMPASS C6 SEP bonus, and if so, which agency should we reach out to for confirmation?

BOT: Based on the C6 SEP bonus criteria, your startup **may qualify** under programme #8 if you meet all the conditions:

**Programme #8 eligibility criteria:**
- High-growth startups incorporated in Singapore
- Minimum investment of **USD $10 million** over the past 36 months
- Funding received from EDBI, SEEDS Capital, **or other recognised investment firms**

Since you've raised USD $12 million over the last 3 years from a recognized VC firm, you appear to meet the investment threshold and timeframe requirements.

**Next steps:**

Contact **Enterprise Singapore (EnterpriseSG)** to confirm your eligibility:
- Email: **ENTERPRISESG_COMPASS@enterprisesg.gov.sg**

They will verify whether:
1. Your VC firm is on the list of ""recognised investment firms"" 
2. Your startup meets all the high-growth criteria for programme #8

EnterpriseSG is the supporting agency for this programme and can provide definitive confirmation of your SEP bonus eligibility.

Is there anything else you'd like to know about the COMPASS assessment or EP applications?"
q-0030,complex,workpass_candidate,"We want to appoint one of our EP holders as a director on the board of a subsidiary company we own. After we get MOM's approval, what do we need to do next, and when the EP comes up for renewal, do we need to do anything about the directorship approval as well?","After MOM grants the Letter of Consent (LOC), you must register the directorship position with ACRA. MOM will generally grant the LOC for directorship appointments in companies that are related by corporate shareholding to the EP holder's primary employer, as these appointments may be critical to their primary job role. Regarding renewal: the LOC is valid only up to the expiry or cancellation date of the current EP, so when you successfully renew the EP, you must apply for a new LOC for the directorship to continue.",https://www.mom.gov.sg/passes-and-permits/employment-pass/taking-up-secondary-directorship,"After MOM approves the Letter of Consent (LOC), you need to **register the directorship position with ACRA**. That's the final step to complete the appointment.

Regarding renewal: the LOC is valid only until the EP expires or is cancelled. When you renew the EP, you must **apply for a new LOC** after the EP renewal is successful. The directorship approval doesn't automatically carry over—you'll need to go through the LOC application process again with the renewed EP.

The whole LOC application takes up to 5 weeks to process, so plan accordingly when the EP renewal is approaching.",3,"The chatbot's answer covers all essential points: registering with ACRA after LOC approval, LOC validity tied to EP expiry, and need to apply for new LOC after EP renewal. The additional processing time detail is helpful context, not noise.",1,"USER: We want to appoint one of our EP holders as a director on the board of a subsidiary company we own. After we get MOM's approval, what do we need to do next, and when the EP comes up for renewal, do we need to do anything about the directorship approval as well?

BOT: After MOM approves the Letter of Consent (LOC), you need to **register the directorship position with ACRA**. That's the final step to complete the appointment.

Regarding renewal: the LOC is valid only until the EP expires or is cancelled. When you renew the EP, you must **apply for a new LOC** after the EP renewal is successful. The directorship approval doesn't automatically carry over—you'll need to go through the LOC application process again with the renewed EP.

The whole LOC application takes up to 5 weeks to process, so plan accordingly when the EP renewal is approaching."
q-0031,complex,workpass_candidate,"I'm a researcher considering applying for the Overseas Networks & Expertise Pass. I know it covers multiple sectors, but I'm not sure how the eligibility assessment works — do I just need to meet some general criteria, or is it more specific than that? And what kind of employer-related financial documents would I need to prepare, and how recent do they have to be?","The Overseas Networks & Expertise Pass covers top talent in all sectors, including academia and research, so you would be eligible to apply as a researcher. For eligibility, candidates are assessed on a case-by-case basis. You must choose the category that best fits you and meet all the criteria within that chosen category — not just some general criteria. Regarding employer-related financial documents, you need to provide the latest financial information of your employer, obtained within the last 3 months. This includes documents indicating the latest market capitalisation or annual company revenue. Additionally, if you have income sources other than your fixed monthly salary, you must provide documents supporting those other income sources. You will also need employment verification proof from a background screening company.",https://www.mom.gov.sg/passes-and-permits/overseas-networks-expertise-pass,"The eligibility assessment for the ONE Pass is **category-specific**, not just general criteria. You choose which category fits you best and must meet **all** the criteria within that category.

## Eligibility Categories

As a researcher, you have **two main pathways**:

### 1. **Salary-based route** (if you have employment)
You need to meet **one** of these:

- **Current/last employment overseas**: Fixed monthly salary of at least S$30,000 for 12 consecutive months with an established company (market cap ≥US$500M **or** annual revenue ≥US$200M)

- **Prospective employment in Singapore**: Will earn ≥S$30,000 fixed monthly salary with an established Singapore company meeting the same financial thresholds

### 2. **Outstanding achievements route** (academia & research)
You can apply **without meeting the salary criteria** if you have outstanding achievements in academia and research. MOM reviews these applications holistically together with agencies like MOE, NRF, and A*STAR, assessing your work and key accomplishments.

## Employer Financial Documents Required

The **recency requirement is within the last 3 months** from when you apply.

### For overseas employment:
You need **latest financial information obtained within the last 3 months** showing market capitalisation or annual revenue from:
- Stock exchange websites
- Company annual reports
- Reputable financial databases

**If unavailable**: Latest audited Profit & Loss statements (must be from third-party auditors; documents signed only by company management are not accepted)

### For prospective Singapore employment:
Same requirements as above for your prospective employer's financial information.

**Note**: Combined amounts from the entire global office can be considered and will be assessed case-by-case.

## Additional Documents for Academia/Research Track

If applying under outstanding achievements, you'll also need:
- CV listing significant publications, patents, and technology disclosures from the past 5 years
- Recommendation/endorsement letter from a local host institution (e.g., Autonomous Universities or A*STAR)
- Latest month's payslip

Can I help you with anything else about the application process?",3,"The chatbot's answer is accurate and comprehensive, correctly explaining that eligibility is category-specific (not just general criteria), detailing the 3-month recency requirement for employer financial documents, and specifying the types of documents needed (market capitalisation, annual revenue). It goes beyond the reference by providing additional helpful context about the two pathways for researchers and specific document requirements.",1,"USER: I'm a researcher considering applying for the Overseas Networks & Expertise Pass. I know it covers multiple sectors, but I'm not sure how the eligibility assessment works — do I just need to meet some general criteria, or is it more specific than that? And what kind of employer-related financial documents would I need to prepare, and how recent do they have to be?

BOT: The eligibility assessment for the ONE Pass is **category-specific**, not just general criteria. You choose which category fits you best and must meet **all** the criteria within that category.

## Eligibility Categories

As a researcher, you have **two main pathways**:

### 1. **Salary-based route** (if you have employment)
You need to meet **one** of these:

- **Current/last employment overseas**: Fixed monthly salary of at least S$30,000 for 12 consecutive months with an established company (market cap ≥US$500M **or** annual revenue ≥US$200M)

- **Prospective employment in Singapore**: Will earn ≥S$30,000 fixed monthly salary with an established Singapore company meeting the same financial thresholds

### 2. **Outstanding achievements route** (academia & research)
You can apply **without meeting the salary criteria** if you have outstanding achievements in academia and research. MOM reviews these applications holistically together with agencies like MOE, NRF, and A*STAR, assessing your work and key accomplishments.

## Employer Financial Documents Required

The **recency requirement is within the last 3 months** from when you apply.

### For overseas employment:
You need **latest financial information obtained within the last 3 months** showing market capitalisation or annual revenue from:
- Stock exchange websites
- Company annual reports
- Reputable financial databases

**If unavailable**: Latest audited Profit & Loss statements (must be from third-party auditors; documents signed only by company management are not accepted)

### For prospective Singapore employment:
Same requirements as above for your prospective employer's financial information.

**Note**: Combined amounts from the entire global office can be considered and will be assessed case-by-case.

## Additional Documents for Academia/Research Track

If applying under outstanding achievements, you'll also need:
- CV listing significant publications, patents, and technology disclosures from the past 5 years
- Recommendation/endorsement letter from a local host institution (e.g., Autonomous Universities or A*STAR)
- Latest month's payslip

Can I help you with anything else about the application process?"
q-0032,complex,workpass_human_resource,"We have an ONE Pass holder whose common-law partner wants to work here in Singapore, and the pass holder also wants to bring over their 22-year-old unmarried son who has a disability, plus their 19-year-old stepchild. Can you walk me through what passes each of these family members would get, and whether any of them can work?","The common-law spouse (whose common-law relationship is recognised under the laws of their country or region) would be issued a Long-Term Visit Pass (LTVP) and can apply for a Letter of Consent (LOC) to work in Singapore. The 22-year-old unmarried handicapped son would also be eligible for a Long-Term Visit Pass, as handicapped children who are unmarried and aged 21 and above qualify for an LTVP. The 19-year-old unmarried stepchild would likewise qualify for a Long-Term Visit Pass, since stepchildren who are unmarried and under 21 years old are eligible for an LTVP. Note that the LTVP for the handicapped son and the stepchild does not mention eligibility for a Letter of Consent to work — only spouses and common-law spouses on their respective passes are described as being able to apply for an LOC to work in Singapore.",https://www.mom.gov.sg/passes-and-permits/overseas-networks-expertise-pass/passes-for-families,"Here's what each family member would get:

**Common-law partner:**
- **Pass type:** Long-Term Visit Pass (LTVP)
- **Can work:** Yes, through a Letter of Consent (LOC). The prospective employer applies for the LOC on their behalf, and processing takes around 8 weeks. The LTVP must have at least 3 months' validity before applying.

**22-year-old unmarried son with disability:**
- **Pass type:** Long-Term Visit Pass (LTVP)
- **Can work:** No, not through an LOC. He would need to obtain his own work pass (Employment Pass, S Pass, or Work Permit) through a prospective employer, meeting all the criteria for that pass type.

**19-year-old stepchild:**
- **Pass type:** Long-Term Visit Pass (LTVP)
- **Can work:** No, not through an LOC. They would need to obtain their own work pass through a prospective employer, meeting all the criteria for that pass type.

**Key points:**
- All three family members qualify for Long-Term Visit Passes
- Only the common-law spouse can apply for a Letter of Consent to work
- The other two family members would need separate work passes if they want to work
- LTVP applications take 4 weeks to process, and it's recommended to apply after the ONE Pass is approved to avoid losing fees if the main application is rejected

Can I help with anything else about these passes?",3,"The chatbot correctly identifies all three family members as eligible for LTVPs, correctly states that only the common-law partner can apply for an LOC to work, and correctly notes that the other two would need their own work passes. This matches the reference answer's essential points.",1,"USER: We have an ONE Pass holder whose common-law partner wants to work here in Singapore, and the pass holder also wants to bring over their 22-year-old unmarried son who has a disability, plus their 19-year-old stepchild. Can you walk me through what passes each of these family members would get, and whether any of them can work?

BOT: Here's what each family member would get:

**Common-law partner:**
- **Pass type:** Long-Term Visit Pass (LTVP)
- **Can work:** Yes, through a Letter of Consent (LOC). The prospective employer applies for the LOC on their behalf, and processing takes around 8 weeks. The LTVP must have at least 3 months' validity before applying.

**22-year-old unmarried son with disability:**
- **Pass type:** Long-Term Visit Pass (LTVP)
- **Can work:** No, not through an LOC. He would need to obtain his own work pass (Employment Pass, S Pass, or Work Permit) through a prospective employer, meeting all the criteria for that pass type.

**19-year-old stepchild:**
- **Pass type:** Long-Term Visit Pass (LTVP)
- **Can work:** No, not through an LOC. They would need to obtain their own work pass through a prospective employer, meeting all the criteria for that pass type.

**Key points:**
- All three family members qualify for Long-Term Visit Passes
- Only the common-law spouse can apply for a Letter of Consent to work
- The other two family members would need separate work passes if they want to work
- LTVP applications take 4 weeks to process, and it's recommended to apply after the ONE Pass is approved to avoid losing fees if the main application is rejected

Can I help with anything else about these passes?"
q-0033,complex,workpass_human_resource,"We're filing an LTVP application for a ONE Pass holder's spouse who wants to work in Singapore. The spouse has support from the Singapore Medical Council, and most of their documents — including the SMC support letter — are in Mandarin. Also, the spouse previously entered Singapore on a passport from a different country than the one they're using now. How should we handle all of this on the application?","There are several things to address in this application: (1) Since the applicant has obtained support from the Singapore Medical Council, which is one of the listed Vetting Agencies on the form, you must select 'Yes' to indicate vetting agency support and select 'Singapore Medical Council' from the list. You must also produce documentary proof of support from the Singapore Medical Council together with the application. (2) All non-English documents must be accompanied by an English translation, and the translation can be done by a translation service provider. So the Mandarin documents, including the SMC support letter if it is in Mandarin, need to have English translations attached. (3) In Part 5 – Other Information of the application form, the applicant must declare 'Yes' to the question asking whether they have entered Singapore using a passport issued by a different country, since that applies to their situation. Additionally, by submitting the application, the applicant consents to the Government of Singapore and statutory authorities obtaining from and verifying information with any person, organisation, or any other source.",https://www.mom.gov.sg/passes-and-permits/overseas-networks-expertise-pass/passes-for-families/long-term-visit-pass-for-overseas-networks-expertise-pass/working-in-singapore,"Based on the Letter of Consent application form for ONE Pass LTVP holders, here's how to handle each of your situations:

**1. Documents in Mandarin (including SMC support letter)**

Non-English documents must be accompanied by an English translation. The translation can be done by a translation service provider — you don't need a certified translator, just a translation service. This applies to all documents including the SMC support letter.

**2. SMC support letter**

Since the spouse is working in a medical occupation requiring Singapore Medical Council support, you must submit the SMC support letter as part of the application. Upload it as 1 PDF file (3 MB limit) along with its English translation.

**3. Previous entry on different passport**

On page 5 of the application form, Part 5 asks: ""Has the applicant ever entered Singapore using a passport issued by a different country?"" You must tick **Yes** and provide the details in the space provided on that page. This is a standard disclosure question — answering truthfully won't disqualify the application.

**Summary of what to submit:**
- Completed application form with Part 5(d) marked ""Yes"" with details
- Current passport biodata page
- SMC support letter (original in Mandarin + English translation from a translation service)
- All other Mandarin documents with English translations

Processing takes around 8 weeks. The LTVP must have at least 3 months' validity before you submit the Letter of Consent application.

Can I help with anything else about the application?",2,"Covers all key points: English translation requirement, SMC support letter submission, and declaring previous passport entry. However, it omits the specific instruction to select 'Yes' for vetting agency support and choose 'Singapore Medical Council' from the list in the form, and adds some details not in the reference (processing time, file size limits).",1,"USER: We're filing an LTVP application for a ONE Pass holder's spouse who wants to work in Singapore. The spouse has support from the Singapore Medical Council, and most of their documents — including the SMC support letter — are in Mandarin. Also, the spouse previously entered Singapore on a passport from a different country than the one they're using now. How should we handle all of this on the application?

BOT: Based on the Letter of Consent application form for ONE Pass LTVP holders, here's how to handle each of your situations:

**1. Documents in Mandarin (including SMC support letter)**

Non-English documents must be accompanied by an English translation. The translation can be done by a translation service provider — you don't need a certified translator, just a translation service. This applies to all documents including the SMC support letter.

**2. SMC support letter**

Since the spouse is working in a medical occupation requiring Singapore Medical Council support, you must submit the SMC support letter as part of the application. Upload it as 1 PDF file (3 MB limit) along with its English translation.

**3. Previous entry on different passport**

On page 5 of the application form, Part 5 asks: ""Has the applicant ever entered Singapore using a passport issued by a different country?"" You must tick **Yes** and provide the details in the space provided on that page. This is a standard disclosure question — answering truthfully won't disqualify the application.

**Summary of what to submit:**
- Completed application form with Part 5(d) marked ""Yes"" with details
- Current passport biodata page
- SMC support letter (original in Mandarin + English translation from a translation service)
- All other Mandarin documents with English translations

Processing takes around 8 weeks. The LTVP must have at least 3 months' validity before you submit the Letter of Consent application.

Can I help with anything else about the application?"
q-0034,complex,workpass_candidate,"My company is terminating an EP holder and their last day is 15 February. We want to submit the cancellation early, and we also want to make sure the person can stay in Singapore for a while after the pass is cancelled to settle personal matters. Also, if MOM asks us for extra documents during the process, how do we send those in? And one more thing — after cancellation, if the person still has their physical EP card, what should we do with it?","You can submit the cancellation request up to 14 days in advance — so for a 15 February cancellation, you can submit from 1 February onwards. The cancellation is immediate unless it is an advance cancellation request. The employer or employment agent can submit the cancellation. Upon cancellation (or within a day after the EP expiration date), you can request a Short-Term Visit Pass (STVP) for the pass holder, which grants valid stay in Singapore for up to 90 days. If MOM emails you requesting more documents, you can submit them using the online form at https://form.gov.sg/#!/5f8d4eadef8dab00112fd313. Regarding the physical EP card, if the card is found (or still in possession), it should be cut in half and discarded to prevent misuse. ",https://www.mom.gov.sg/passes-and-permits/employment-pass,"Based on the guidance, here's what you need to know about cancelling the EP:

**Advance cancellation**  
You can submit the cancellation request up to 14 days in advance. Since the last day is 15 February, you may submit from 1 February onwards. The cancellation will take effect on the date you specify (15 February).

**Short-Term Visit Pass (STVP) for staying after cancellation**  
When you submit the cancellation, you can request an STVP for the pass holder. This grants valid stay in Singapore for up to 90 days from the date of application. Both you and the pass holder will receive the STVP by email. The pass holder must show the STVP and a valid passport when leaving Singapore.

**Submitting additional documents**  
If MOM requests more documents during the process, you can submit them using this [online form](https://form.gov.sg/#!/5f8d4eadef8dab00112fd313).

**Physical EP card after cancellation**  
Once the EP is cancelled, please cut the card in half and discard it to prevent misuse. The pass holder cannot work while waiting to leave Singapore, even with the STVP.

**Before you cancel, remember to:**
- Give reasonable notice about repatriation
- Seek tax clearance from IRAS at least 1 month before the last employment day
- Settle all outstanding salary and employment issues
- Buy an air ticket with check-in luggage and pay for connecting transport to the international port of entry nearest their hometown (unless they agree in writing to bear the cost)

Can I help with anything else about the cancellation process?",3,"The chatbot accurately covers all key points: 14-day advance submission window, STVP for up to 90 days, the online form URL for additional documents, and cutting the card in half. It also adds helpful supplementary information about employer obligations without introducing errors.",1,"USER: My company is terminating an EP holder and their last day is 15 February. We want to submit the cancellation early, and we also want to make sure the person can stay in Singapore for a while after the pass is cancelled to settle personal matters. Also, if MOM asks us for extra documents during the process, how do we send those in? And one more thing — after cancellation, if the person still has their physical EP card, what should we do with it?

BOT: Based on the guidance, here's what you need to know about cancelling the EP:

**Advance cancellation**  
You can submit the cancellation request up to 14 days in advance. Since the last day is 15 February, you may submit from 1 February onwards. The cancellation will take effect on the date you specify (15 February).

**Short-Term Visit Pass (STVP) for staying after cancellation**  
When you submit the cancellation, you can request an STVP for the pass holder. This grants valid stay in Singapore for up to 90 days from the date of application. Both you and the pass holder will receive the STVP by email. The pass holder must show the STVP and a valid passport when leaving Singapore.

**Submitting additional documents**  
If MOM requests more documents during the process, you can submit them using this [online form](https://form.gov.sg/#!/5f8d4eadef8dab00112fd313).

**Physical EP card after cancellation**  
Once the EP is cancelled, please cut the card in half and discard it to prevent misuse. The pass holder cannot work while waiting to leave Singapore, even with the STVP.

**Before you cancel, remember to:**
- Give reasonable notice about repatriation
- Seek tax clearance from IRAS at least 1 month before the last employment day
- Settle all outstanding salary and employment issues
- Buy an air ticket with check-in luggage and pay for connecting transport to the international port of entry nearest their hometown (unless they agree in writing to bear the cost)

Can I help with anything else about the cancellation process?"
q-0035,complex,workpass_human_resource,"We have a candidate currently based overseas whom we're looking to bring in on a ONE Pass. If the main application gets rejected, what happens to the dependant pass applications we submitted at the same time — do we get the fees back? And once the candidate is here and the pass is issued, is there an annual reporting obligation they need to be aware of right away, or is there some grace period?","If the main ONE Pass holder's application is rejected, the family's dependant pass applications will also be rejected, and the fees paid for all of those applications are non-refundable. The candidate can apply for the pass while outside Singapore, but if approved they must make an appointment to get the pass issued at the Employment Pass Services Centre in Singapore. Once the pass is issued, ONE Pass holders are generally required to submit an annual notification, but there are exceptions — for example, those who have just been issued their pass are not required to submit the annual notification right away.",https://www.mom.gov.sg/faq/one-pass,"On **dependant pass fees**: if your ONE Pass application is rejected, any family pass applications submitted at the same time will also be rejected, and **fees paid are non-refundable**. For this reason, it's recommended to apply for family passes only after the main ONE Pass is approved — Dependant's Pass and Long-Term Visit Pass applications take 4 weeks to process, so you avoid the risk of losing the fees.

On **annual reporting**: ONE Pass holders are required to participate in an annual notification exercise where you provide employment details, total annual income for the past calendar year, and other professional activities. Pass holders who need to submit will receive an email with instructions — **there is no grace period**. Generally, most ONE Pass holders will be required to submit, with exceptions such as those who have just been issued their pass. The notification can be submitted by the pass holder, their employer, or an appointed employment agency.

Can I help with anything else about the ONE Pass or the application process?",2,"Covers key points (fees non-refundable, dependant passes rejected with main, newly issued pass holders exempt from immediate annual notification) but the statement 'there is no grace period' is slightly misleading/contradictory when it then correctly notes newly issued pass holders are exempt, adding minor confusion.",1,"USER: We have a candidate currently based overseas whom we're looking to bring in on a ONE Pass. If the main application gets rejected, what happens to the dependant pass applications we submitted at the same time — do we get the fees back? And once the candidate is here and the pass is issued, is there an annual reporting obligation they need to be aware of right away, or is there some grace period?

BOT: On **dependant pass fees**: if your ONE Pass application is rejected, any family pass applications submitted at the same time will also be rejected, and **fees paid are non-refundable**. For this reason, it's recommended to apply for family passes only after the main ONE Pass is approved — Dependant's Pass and Long-Term Visit Pass applications take 4 weeks to process, so you avoid the risk of losing the fees.

On **annual reporting**: ONE Pass holders are required to participate in an annual notification exercise where you provide employment details, total annual income for the past calendar year, and other professional activities. Pass holders who need to submit will receive an email with instructions — **there is no grace period**. Generally, most ONE Pass holders will be required to submit, with exceptions such as those who have just been issued their pass. The notification can be submitted by the pass holder, their employer, or an appointed employment agency.

Can I help with anything else about the ONE Pass or the application process?"
q-0036,complex,workpass_candidate,"I'm going through the Employment Pass application process and I want to understand the full picture — if MOM asks me for additional documents, how do I submit them, and what kind of obligations or commitments does my employer (or I) take on as part of this application, especially regarding compliance and repatriation costs?","If MOM requests additional documents during processing (which may take longer than 10 working days), you can submit them via the Employment Pass e-Service by clicking 'Work Passes' on the left menu, choosing the application record, and selecting 'Submit documents' (or selecting 'View details' to see the required action). Alternatively, MOM's email may direct you to submit documents using their online form. As part of the application, a declaration is made confirming that the applicant has read, understood, and will comply with all the Conditions of Employment Pass as specified in the Employment of Foreign Manpower (Work Passes) Regulations available on MOM's website, and will ensure these conditions are complied with. Additionally, there is an obligation to indemnify the Singapore Government for any charges or expenses which may be incurred by the Government in respect of the repatriation of the candidate or any of his/her dependants.",https://www.mom.gov.sg/passes-and-permits/employment-pass/apply-for-a-pass,"Based on the Employment Pass application process, here's what you need to know:

## Submitting Additional Documents

If MOM requests additional information or documents during the application review:

**Processing time may extend** beyond the standard 10 business days. You'll be notified and can submit documents in two ways:

1. **Via EP eService**: Log in, click 'Work Passes' on the left menu, choose your application record, and select 'Submit documents' (or 'View details' to see what's required)
2. **Via online form**: If MOM emails you, use their [online form](https://form.gov.sg/#!/5f8d4eadef8dab00112fd313) to submit the requested documents

## Employer Obligations & Commitments

When your employer applies for your EP, they undertake several binding commitments:

### During Employment
- **Compliance with pass conditions**: You can only work in the occupation and for the employer specified in the application
- **Notification obligations**: Your employer must notify MOM of changes (salary adjustments, occupation changes, company details)
- **Tax clearance**: Must seek IRAS tax clearance at least 1 month before your last employment day

### Upon Termination
Your employer must:

1. **Cancel the EP within 1 week** after your last day of notice (or within 1 week of departure if you've left Singapore)
2. **Provide reasonable notice** of repatriation
3. **Settle all outstanding employment issues**, including salary payments
4. **Bear repatriation costs**: Buy an air ticket with check-in luggage and pay for all connecting transport to the international port of entry in your home country/region nearest your hometown (unless you agree in writing to bear the cost)

### Your Commitments as the Candidate

When you sign the candidate's form, you declare that you will:
- Not engage in employment other than specified in the application
- Comply with all Employment Pass conditions
- Not misuse controlled drugs or engage in political activities
- Leave Singapore if your pass is cancelled due to health reasons (AIDS/HIV/Tuberculosis)

You also consent to MOM verifying your information with any source and to IRAS verifying your income for pass assessment purposes.

Is there anything specific about these obligations you'd like me to clarify?",2,"Covers document submission methods and compliance/repatriation obligations accurately, but adds extra details (tax clearance, notification obligations, candidate commitments) not in the reference and misses the specific point about indemnifying the Singapore Government for repatriation expenses.",1,"USER: I'm going through the Employment Pass application process and I want to understand the full picture — if MOM asks me for additional documents, how do I submit them, and what kind of obligations or commitments does my employer (or I) take on as part of this application, especially regarding compliance and repatriation costs?

BOT: Based on the Employment Pass application process, here's what you need to know:

## Submitting Additional Documents

If MOM requests additional information or documents during the application review:

**Processing time may extend** beyond the standard 10 business days. You'll be notified and can submit documents in two ways:

1. **Via EP eService**: Log in, click 'Work Passes' on the left menu, choose your application record, and select 'Submit documents' (or 'View details' to see what's required)
2. **Via online form**: If MOM emails you, use their [online form](https://form.gov.sg/#!/5f8d4eadef8dab00112fd313) to submit the requested documents

## Employer Obligations & Commitments

When your employer applies for your EP, they undertake several binding commitments:

### During Employment
- **Compliance with pass conditions**: You can only work in the occupation and for the employer specified in the application
- **Notification obligations**: Your employer must notify MOM of changes (salary adjustments, occupation changes, company details)
- **Tax clearance**: Must seek IRAS tax clearance at least 1 month before your last employment day

### Upon Termination
Your employer must:

1. **Cancel the EP within 1 week** after your last day of notice (or within 1 week of departure if you've left Singapore)
2. **Provide reasonable notice** of repatriation
3. **Settle all outstanding employment issues**, including salary payments
4. **Bear repatriation costs**: Buy an air ticket with check-in luggage and pay for all connecting transport to the international port of entry in your home country/region nearest your hometown (unless you agree in writing to bear the cost)

### Your Commitments as the Candidate

When you sign the candidate's form, you declare that you will:
- Not engage in employment other than specified in the application
- Comply with all Employment Pass conditions
- Not misuse controlled drugs or engage in political activities
- Leave Singapore if your pass is cancelled due to health reasons (AIDS/HIV/Tuberculosis)

You also consent to MOM verifying your information with any source and to IRAS verifying your income for pass assessment purposes.

Is there anything specific about these obligations you'd like me to clarify?"
q-0037,complex,workpass_human_resource,"We're bringing in a senior hire on a ONE Pass, and the candidate wants to understand what they're committing to when they sign the application. Specifically, they're asking whether they can freely take up any role once the pass is issued, and whether there are any conduct-related undertakings they need to be aware of during their stay. Can you clarify what obligations they'd be agreeing to?","When signing the ONE Pass application, the candidate makes several undertakings. First, they declare that all information provided in the application and all supporting documents submitted are true and correct, and that the documents are true copies of the originals. Second, regarding conduct during their stay in Singapore, they undertake not to misuse controlled drugs and not to take part in any political or other activities that would make them an undesirable or prohibited immigrant under the Immigration Act. Third, regarding employment, they cannot freely take up any role — they must obtain prior approval from the Ministry of Manpower if they intend to start working in a restricted occupation specified by the Ministry after the ONE Pass is issued to them.",https://www.mom.gov.sg/passes-and-permits/overseas-networks-expertise-pass/apply-for-a-pass,"Your candidate will sign a declaration form when the ONE Pass is issued. Here's what they're committing to:

**Work flexibility:**
Yes, they can work freely across multiple companies and roles without needing to reapply when changing jobs. However, there's one restriction: they must obtain MOM's prior approval before working in any **restricted occupation** — predominantly media-related roles (editors, journalists, producers, reporters) and religious roles (pastors, priests, monks, imams, rabbis, missionaries). The full list has 161 occupations. They can only start work in a restricted occupation after approval, which takes up to 3 weeks.

**Key undertakings they'll sign:**

1. **Annual reporting** — Report professional activities to MOM at the end of each calendar year in the format and by the deadline MOM specifies.

2. **Address updates** — Notify MOM within 14 days of any change to contact details or residential address.

3. **Repatriation responsibility** — Be responsible for their own stay, maintenance, and repatriation, and indemnify the Singapore Government for any related expenses.

4. **Conduct** — Not misuse controlled drugs or engage in political or other activities that would make them an undesirable or prohibited immigrant under the Immigration Act.

5. **Health declaration** — Declare they have not suffered from or are not suffering from AIDS/HIV or tuberculosis.

6. **Information consent** — Consent to MOM verifying information with any person or organisation, sharing information with government agencies, and allowing the Comptroller of Income Tax to verify their income against tax assessment records.

The declaration also notes that providing false or misleading information may result in prosecution, cancellation of approval, or revocation of the pass.

Can I help clarify any specific undertaking or explain the restricted occupation approval process?",3,"The chatbot accurately covers all key points from the reference: restricted occupations requiring prior MOM approval, conduct undertakings (no drug misuse, no political activities making them undesirable under Immigration Act), and truthfulness of information. It provides additional relevant undertakings (annual reporting, address updates, health declaration, etc.) that add helpful context without contradicting the reference.",1,"USER: We're bringing in a senior hire on a ONE Pass, and the candidate wants to understand what they're committing to when they sign the application. Specifically, they're asking whether they can freely take up any role once the pass is issued, and whether there are any conduct-related undertakings they need to be aware of during their stay. Can you clarify what obligations they'd be agreeing to?

BOT: Your candidate will sign a declaration form when the ONE Pass is issued. Here's what they're committing to:

**Work flexibility:**
Yes, they can work freely across multiple companies and roles without needing to reapply when changing jobs. However, there's one restriction: they must obtain MOM's prior approval before working in any **restricted occupation** — predominantly media-related roles (editors, journalists, producers, reporters) and religious roles (pastors, priests, monks, imams, rabbis, missionaries). The full list has 161 occupations. They can only start work in a restricted occupation after approval, which takes up to 3 weeks.

**Key undertakings they'll sign:**

1. **Annual reporting** — Report professional activities to MOM at the end of each calendar year in the format and by the deadline MOM specifies.

2. **Address updates** — Notify MOM within 14 days of any change to contact details or residential address.

3. **Repatriation responsibility** — Be responsible for their own stay, maintenance, and repatriation, and indemnify the Singapore Government for any related expenses.

4. **Conduct** — Not misuse controlled drugs or engage in political or other activities that would make them an undesirable or prohibited immigrant under the Immigration Act.

5. **Health declaration** — Declare they have not suffered from or are not suffering from AIDS/HIV or tuberculosis.

6. **Information consent** — Consent to MOM verifying information with any person or organisation, sharing information with government agencies, and allowing the Comptroller of Income Tax to verify their income against tax assessment records.

The declaration also notes that providing false or misleading information may result in prosecution, cancellation of approval, or revocation of the pass.

Can I help clarify any specific undertaking or explain the restricted occupation approval process?"
q-0038,complex,workpass_human_resource,"We're submitting an EP application and need to verify the candidate's degree from NTU through their online verification portal. I want to make sure we get the screenshots right and also handle the MOM verification reference number properly. What exactly do we need to capture and upload for the educational qualification verification, and how does the MOM reference number fit into the process?","For verifying the candidate's educational qualification through a university verification portal (e.g., NTU), you need to capture and upload two screenshots: (1) A 'Verification page' screenshot that must include the visible website address of the verification portal and all information entered in the portal, such as the candidate's name and date of birth. (2) A 'Verified page' screenshot that must include the visible website address of the verification portal and the final page showing that the candidate was awarded the educational qualification. Both the verification page and verified page screenshots should be uploaded. Separately, when dealing with the MOM verification reference number, you need to key in the 'MOM verification reference number' as stated on the verification proof or as provided by the background screening company, and then upload the verification proof from the background screening company. Additionally, when uploading any documents such as passport pages, you must ensure the whole page, including the entire 'Machine Readable Zone', is visible — it must not be cut off, blocked, or covered by a watermark.",https://www.mom.gov.sg/passes-and-permits/employment-pass/documents-required,"For verifying an NTU degree through their online verification portal, you need to capture **two separate screenshots** and upload both:

## Screenshot 1: Verification Page
This shows the information you entered into NTU's portal. It must include:
- **Visible website address** (the NTU verification portal URL in the browser bar)
- **All information entered** — the candidate's name and date of birth that you typed into the verification form

## Screenshot 2: Verified Page  
This shows the result after verification. It must include:
- **Visible website address** (the NTU portal URL)
- **Proof that the candidate was awarded the qualification** — the final page confirming the degree details (name, degree awarded, year)

Both screenshots must be uploaded together into the EP application.

## The MOM Verification Reference Number

The MOM verification reference number is **only used when you verify through a background screening company** — not when using NTU's online portal directly.

When you select ""Government/awarding institution's verification portal"" as your verification method in the EP application form, you **do not need** to enter any MOM verification reference number. You simply upload the two screenshots described above.

The reference number field only appears when you choose ""Background screening company"" as the verification method — in that case, the screening company provides you with the MOM verification reference number on their verification report, and you enter it exactly as shown.

Since you're using NTU's portal directly, focus on getting clean screenshots showing the website address, the information entered, and the verified result.",2,Correctly describes the two screenshots needed with proper details. The explanation of MOM reference number is reasonable but adds interpretation not in the reference. Omits the passport/MRZ requirement mentioned in the reference answer.,1,"USER: We're submitting an EP application and need to verify the candidate's degree from NTU through their online verification portal. I want to make sure we get the screenshots right and also handle the MOM verification reference number properly. What exactly do we need to capture and upload for the educational qualification verification, and how does the MOM reference number fit into the process?

BOT: For verifying an NTU degree through their online verification portal, you need to capture **two separate screenshots** and upload both:

## Screenshot 1: Verification Page
This shows the information you entered into NTU's portal. It must include:
- **Visible website address** (the NTU verification portal URL in the browser bar)
- **All information entered** — the candidate's name and date of birth that you typed into the verification form

## Screenshot 2: Verified Page  
This shows the result after verification. It must include:
- **Visible website address** (the NTU portal URL)
- **Proof that the candidate was awarded the qualification** — the final page confirming the degree details (name, degree awarded, year)

Both screenshots must be uploaded together into the EP application.

## The MOM Verification Reference Number

The MOM verification reference number is **only used when you verify through a background screening company** — not when using NTU's online portal directly.

When you select ""Government/awarding institution's verification portal"" as your verification method in the EP application form, you **do not need** to enter any MOM verification reference number. You simply upload the two screenshots described above.

The reference number field only appears when you choose ""Background screening company"" as the verification method — in that case, the screening company provides you with the MOM verification reference number on their verification report, and you enter it exactly as shown.

Since you're using NTU's portal directly, focus on getting clean screenshots showing the website address, the information entered, and the verified result."
q-0039,complex,workpass_candidate,"I'm on an Employment Pass under the Sponsorship scheme and my pass still has about 4 months left. I want to renew early — will I lose those remaining months? Also, what form do I need to use, and what kind of obligations or commitments does the renewal involve regarding repatriation?","If you renew your Employment Pass early, your new work pass validity will not be reduced or lost. Any remaining validity from your current pass — up to six months — is added on to your renewal, so your 4 remaining months would carry over. However, if you miss the renewal deadline, you would need to apply for a new pass instead. As an EP (Sponsorship) holder, you must use the specific EP Sponsorship renewal form for your renewal application. The form requires the candidate's name as shown on their travel document, their signature, and the date in DD/MM/YYYY format. As part of the renewal, there is an obligation to indemnify the Singapore Government for any charges or expenses that may be incurred by the Government in respect of the repatriation of the candidate or any of his/her dependants.",https://www.mom.gov.sg/passes-and-permits/employment-pass/renew-a-pass,"Good news — you won't lose those remaining months. When you renew early, any remaining validity from your current pass (up to six months) is added on to your renewal. So your four months will carry over.

**Renewal timing and form:**
You can start applying to renew **3 months before** your pass expires. You'll need to use the **EP (Sponsorship) renewal application form**, which you download, complete as a soft copy, and submit online along with supporting documents. Processing takes around 6 weeks for most cases.

**Repatriation obligations:**
The renewal involves significant commitments from your local sponsor. In Part 6 of the renewal form, your local sponsor must sign a declaration and undertaking that includes:

- Being responsible for your stay, maintenance, and **repatriation**
- **Indemnifying the Singapore Government** for any charges or expenses incurred in respect of your repatriation (or any of your dependants' repatriation)
- Cancelling your Employment Pass within 7 days upon termination of employment

These are the same core obligations that applied when your pass was first issued — your sponsor remains financially responsible for getting you home if needed and must cover any government costs related to that.

Is there anything specific about the renewal process or these obligations you'd like to know more about?",3,"The chatbot accurately addresses all key points: remaining validity carries over (up to 6 months), identifies the correct EP Sponsorship renewal form, and explains the repatriation indemnification obligation. It adds helpful context about timing and sponsor responsibilities without introducing errors.",1,"USER: I'm on an Employment Pass under the Sponsorship scheme and my pass still has about 4 months left. I want to renew early — will I lose those remaining months? Also, what form do I need to use, and what kind of obligations or commitments does the renewal involve regarding repatriation?

BOT: Good news — you won't lose those remaining months. When you renew early, any remaining validity from your current pass (up to six months) is added on to your renewal. So your four months will carry over.

**Renewal timing and form:**
You can start applying to renew **3 months before** your pass expires. You'll need to use the **EP (Sponsorship) renewal application form**, which you download, complete as a soft copy, and submit online along with supporting documents. Processing takes around 6 weeks for most cases.

**Repatriation obligations:**
The renewal involves significant commitments from your local sponsor. In Part 6 of the renewal form, your local sponsor must sign a declaration and undertaking that includes:

- Being responsible for your stay, maintenance, and **repatriation**
- **Indemnifying the Singapore Government** for any charges or expenses incurred in respect of your repatriation (or any of your dependants' repatriation)
- Cancelling your Employment Pass within 7 days upon termination of employment

These are the same core obligations that applied when your pass was first issued — your sponsor remains financially responsible for getting you home if needed and must cover any government costs related to that.

Is there anything specific about the renewal process or these obligations you'd like to know more about?"
q-0040,complex,workpass_human_resource,"We have an ONE Pass holder whose spouse holds a Dependant's Pass and now wants to start her own business in Singapore. The DP currently has about 2 months of validity left. Can we go ahead and submit the Letter of Consent application for her, and who should be the one submitting it — us as the employer, or can she do it herself?","No, you cannot proceed with the application immediately. The Dependant's Pass must have at least 3 months of validity remaining, so since it only has about 2 months left, the DP needs to be renewed first before submitting the Letter of Consent (LOC) application. As for who submits it: because the spouse wishes to operate a business in Singapore (rather than work for an employer), the candidate herself or an appointed employment agent can apply — the employer does not need to submit it on her behalf. If she instead wanted to work for an employer in Singapore, then the employer would need to apply on her behalf. The LOC is free of charge, processing takes within 4 weeks for most cases, and its duration is up to the expiry date of the Dependant's Pass.",https://www.mom.gov.sg/passes-and-permits/overseas-networks-expertise-pass/passes-for-families/dependants-pass-for-overseas-networks-expertise-pass,"No, you cannot submit the Letter of Consent application yet. The Dependant's Pass must have **at least 3 months validity** before you can apply for a Letter of Consent. With only 2 months left, the spouse needs to renew her Dependant's Pass first.

Regarding who submits the application, it depends on what the spouse wants to do:

- **If she wants to start her own business**: Either the **candidate herself** or an **appointed employment agent** can submit the LOC application.

- **If she wants to work for an employer** (rather than run her own business): The **employer** must submit the application on her behalf.

Since you mentioned she wants to start her own business, she can submit the application herself or you can appoint an employment agent to do it — but only after the Dependant's Pass is renewed to have at least 3 months validity.

The LOC is free and takes about 4 weeks to process.

Can I help with anything else regarding the Dependant's Pass renewal or the LOC application process?",3,"The chatbot correctly states the 3-month validity requirement, explains that the DP must be renewed first, accurately distinguishes who submits based on business vs employment scenario, and includes the free cost and 4-week processing time. All key points from the reference are covered.",1,"USER: We have an ONE Pass holder whose spouse holds a Dependant's Pass and now wants to start her own business in Singapore. The DP currently has about 2 months of validity left. Can we go ahead and submit the Letter of Consent application for her, and who should be the one submitting it — us as the employer, or can she do it herself?

BOT: No, you cannot submit the Letter of Consent application yet. The Dependant's Pass must have **at least 3 months validity** before you can apply for a Letter of Consent. With only 2 months left, the spouse needs to renew her Dependant's Pass first.

Regarding who submits the application, it depends on what the spouse wants to do:

- **If she wants to start her own business**: Either the **candidate herself** or an **appointed employment agent** can submit the LOC application.

- **If she wants to work for an employer** (rather than run her own business): The **employer** must submit the application on her behalf.

Since you mentioned she wants to start her own business, she can submit the application herself or you can appoint an employment agent to do it — but only after the Dependant's Pass is renewed to have at least 3 months validity.

The LOC is free and takes about 4 weeks to process.

Can I help with anything else regarding the Dependant's Pass renewal or the LOC application process?"
q-0041,hard-1,workpass_candidate,"I'm currently on an Overseas Networks & Expertise Pass. I lost my physical card and just found it again. Also, my employer recently submitted an EP application for a different role at another company on my behalf, and it got rejected — can I personally call MOM to appeal that EP rejection? And what should I do with the found ONE Pass card?","Regarding the found ONE Pass card: you must return it to MOM immediately by post to Ministry of Manpower, 18 Havelock Road, Singapore 059764. MOM also encourages you to use your digital work pass in the SGWorkPass app, which is free and available immediately upon set up, to lower the risk of losing or damaging physical cards. Additionally, MOM may call you for an interview before issuing a new card or if you lose your card repeatedly.

Regarding the EP rejection appeal: you cannot personally make enquiries or appeals about the EP application. Only the employer or authorised third party who submitted the application can do so. MOM will not entertain enquiries or appeals from the candidate or anyone else.",https://www.mom.gov.sg/passes-and-permits/employment-pass https://www.mom.gov.sg/passes-and-permits/overseas-networks-expertise-pass,"Based on the guidance I have, here's what you need to know:

**Regarding the EP appeal:** No, you cannot personally appeal the rejected Employment Pass application. Only the **employer or authorised third party** who submitted the application can make enquiries or appeals. MOM will not entertain enquiries or appeals from the candidate. The appeal must be submitted within 3 months of the rejection through EP eService.

**Regarding your found ONE Pass card:** You should **return it to MOM immediately by post** to: Ministry of Manpower, 18 Havelock Road, Singapore 059764. The guidance specifically states that if a lost card is found, it must be returned to prevent misuse.

Since you found the card, you don't need to proceed with a replacement application (which would have cost $65.40 or more depending on how many times you've lost it). Simply mail the found card back to MOM and continue using your digital work pass via the SGWorkPass app if you need to show proof of your pass status.

Can I help with anything else?",3,"The chatbot accurately addresses both questions: correctly states only the employer/authorized third party can appeal (not the candidate), provides the correct MOM address for returning the found card, and mentions the SGWorkPass app. The additional details about appeal timeframe and replacement costs are helpful extras, not errors.",1,"USER: I'm currently on an Overseas Networks & Expertise Pass. I lost my physical card and just found it again. Also, my employer recently submitted an EP application for a different role at another company on my behalf, and it got rejected — can I personally call MOM to appeal that EP rejection? And what should I do with the found ONE Pass card?

BOT: Based on the guidance I have, here's what you need to know:

**Regarding the EP appeal:** No, you cannot personally appeal the rejected Employment Pass application. Only the **employer or authorised third party** who submitted the application can make enquiries or appeals. MOM will not entertain enquiries or appeals from the candidate. The appeal must be submitted within 3 months of the rejection through EP eService.

**Regarding your found ONE Pass card:** You should **return it to MOM immediately by post** to: Ministry of Manpower, 18 Havelock Road, Singapore 059764. The guidance specifically states that if a lost card is found, it must be returned to prevent misuse.

Since you found the card, you don't need to proceed with a replacement application (which would have cost $65.40 or more depending on how many times you've lost it). Simply mail the found card back to MOM and continue using your digital work pass via the SGWorkPass app if you need to show proof of your pass status.

Can I help with anything else?"
q-0042,hard-1,workpass_human_resource,"We're bringing in a foreign candidate on an EP, and as part of his role he'll also need to sit on the board of one of our subsidiary companies that we hold shares in. I want to make sure I understand what's needed — does he need a separate work pass for that directorship, and when I'm submitting his EP application, how should I handle the educational qualification entry if his university isn't showing up in the dropdown list?","For the secondary directorship: EP holders are generally only allowed to work for their employer as specified on their work pass. Taking up a directorship appointment (executive or non-executive) in another company constitutes a form of work under the Companies Act, so a work pass is required. The EP holder must apply for and be granted a Letter of Consent (LOC) under regulation 11 of the Employment of Foreign Manpower (Work Passes) Regulations 2012. MOM will generally grant an LOC to allow EP holders to take up secondary directorship appointments in companies that are related by corporate shareholding to the EP holder's primary employer, as these appointments may be critical to their primary job role. Since your subsidiary is related by corporate shareholding, MOM would generally grant the LOC.

For the educational qualification in the EP application: If the institution name on the educational certificate or verification proof is not available in the dropdown menu, you should enter the institution's most recent name where applicable. Alternatively, you may choose not to declare the qualification if you are unable to find it on the list. You should also enter the qualification level as per the verification proof or educational certificate, and enter the faculty as per the transcript if it is not found in the verification proof or educational certificate.",https://www.mom.gov.sg/passes-and-permits/employment-pass/taking-up-secondary-directorship https://www.mom.gov.sg/passes-and-permits/employment-pass/documents-required,"## **Secondary Directorship**

He does **not** need a separate work pass for the directorship. An EP holder can take up a secondary directorship in a related company through a **Letter of Consent (LOC)** from MOM.

Here's what you need to do:

1. **Confirm the corporate relationship** — Your company and the subsidiary must be related by shareholding (direct or indirect, including holding companies and subsidiaries). This must be reflected in ACRA records.

2. **Get the primary employer's confirmation** — Ensure your company (as his EP employer) has no objection to him taking on the directorship.

3. **Apply for a Letter of Consent** — You must apply for an LOC before he takes up the directorship, as directorship duties count as work. The LOC is valid until his EP expires or is cancelled.

4. **Register with ACRA** — Once the LOC is approved (within 5 weeks), register the directorship with ACRA.

The LOC is generally granted when the directorship is related to his primary employment and no payment is involved for the directorship role itself.

---

## **Educational Qualification Entry**

If his university isn't in the dropdown list, here's what to do:

**Check if the institution is accredited** — The institution must be recognised by its country's educational authorities. If it's not in the dropdown, you'll need to provide **verification proof** that the qualification is authentic **and** that the institution is accredited.

**Three ways to submit verification proof:**

1. **Background screening company** — Use a verification service (like Dataflow or RMI) and upload the verification proof with the MOM verification reference number.

2. **Government or awarding institution's online portal** — Take screenshots showing the candidate's details (name, DOB, graduation date, qualification) from the official verification portal and upload them.

3. **OpenCerts** — If it's a digital certificate, verify it through the OpenCerts portal and upload the verified document.

**Enter the institution's most recent name** in the application form where applicable. You may also choose not to declare the qualification if you're unable to find it and verification isn't possible — but note that qualifications may be needed for COMPASS C2 points or if the role is on the Shortage Occupation List.

Can I help with anything else on the application?",3,"The chatbot correctly explains that an LOC is needed for the secondary directorship (not a separate work pass), covers the corporate shareholding requirement, and provides accurate guidance on entering educational qualifications when the institution isn't in the dropdown, including the option to enter the most recent name or not declare it. The additional procedural details enhance rather than detract from the answer.",1,"USER: We're bringing in a foreign candidate on an EP, and as part of his role he'll also need to sit on the board of one of our subsidiary companies that we hold shares in. I want to make sure I understand what's needed — does he need a separate work pass for that directorship, and when I'm submitting his EP application, how should I handle the educational qualification entry if his university isn't showing up in the dropdown list?

BOT: ## **Secondary Directorship**

He does **not** need a separate work pass for the directorship. An EP holder can take up a secondary directorship in a related company through a **Letter of Consent (LOC)** from MOM.

Here's what you need to do:

1. **Confirm the corporate relationship** — Your company and the subsidiary must be related by shareholding (direct or indirect, including holding companies and subsidiaries). This must be reflected in ACRA records.

2. **Get the primary employer's confirmation** — Ensure your company (as his EP employer) has no objection to him taking on the directorship.

3. **Apply for a Letter of Consent** — You must apply for an LOC before he takes up the directorship, as directorship duties count as work. The LOC is valid until his EP expires or is cancelled.

4. **Register with ACRA** — Once the LOC is approved (within 5 weeks), register the directorship with ACRA.

The LOC is generally granted when the directorship is related to his primary employment and no payment is involved for the directorship role itself.

---

## **Educational Qualification Entry**

If his university isn't in the dropdown list, here's what to do:

**Check if the institution is accredited** — The institution must be recognised by its country's educational authorities. If it's not in the dropdown, you'll need to provide **verification proof** that the qualification is authentic **and** that the institution is accredited.

**Three ways to submit verification proof:**

1. **Background screening company** — Use a verification service (like Dataflow or RMI) and upload the verification proof with the MOM verification reference number.

2. **Government or awarding institution's online portal** — Take screenshots showing the candidate's details (name, DOB, graduation date, qualification) from the official verification portal and upload them.

3. **OpenCerts** — If it's a digital certificate, verify it through the OpenCerts portal and upload the verified document.

**Enter the institution's most recent name** in the application form where applicable. You may also choose not to declare the qualification if you're unable to find it and verification isn't possible — but note that qualifications may be needed for COMPASS C2 points or if the role is on the Shortage Occupation List.

Can I help with anything else on the application?"
q-0043,hard-1,workpass_candidate,"I currently hold an Employment Pass but I'm thinking of switching to the Overseas Networks & Expertise Pass. If my ONE Pass application gets rejected, will MOM just convert it into an EP application automatically? Also, if I do get the ONE Pass, how do I go about cancelling my old pass — can I do it myself, and how long does the cancellation take?","No, you will not be automatically assessed for an Employment Pass if your Overseas Networks & Expertise Pass (ONE Pass) application is unsuccessful. Your employer should submit a separate application for the Employment Pass if you meet its eligibility requirements. Once you get OnePass,  your employer can cancel the pass, and the cancellation is immediate.",https://www.mom.gov.sg/faq/one-pass https://www.mom.gov.sg/passes-and-permits/overseas-networks-expertise-pass,"No, MOM will not automatically convert a rejected ONE Pass application into an Employment Pass application. If your ONE Pass application is unsuccessful, your employer must submit a separate EP application if you meet the EP eligibility requirements.

Regarding cancelling your current EP: you should **not** cancel it yourself. Your employer must cancel the EP, and you should only ask them to do so **after** your ONE Pass application is approved and you're ready to get the new pass issued. Once your EP is cancelled, you cannot work until your ONE Pass is issued.

The cancellation itself is immediate when your employer submits it. However, you need to coordinate the timing carefully — get your ONE Pass approved first, then have your employer cancel the EP just before you go to get the ONE Pass issued. This avoids any gap where you're unable to work.

Can I help with anything else about your ONE Pass application or the transition process?",3,"The chatbot correctly states that MOM will not auto-convert a rejected ONE Pass to an EP application, that the employer must cancel the EP, and that cancellation is immediate. It adds helpful practical advice about timing the cancellation, which is accurate and useful rather than noise.",1,"USER: I currently hold an Employment Pass but I'm thinking of switching to the Overseas Networks & Expertise Pass. If my ONE Pass application gets rejected, will MOM just convert it into an EP application automatically? Also, if I do get the ONE Pass, how do I go about cancelling my old pass — can I do it myself, and how long does the cancellation take?

BOT: No, MOM will not automatically convert a rejected ONE Pass application into an Employment Pass application. If your ONE Pass application is unsuccessful, your employer must submit a separate EP application if you meet the EP eligibility requirements.

Regarding cancelling your current EP: you should **not** cancel it yourself. Your employer must cancel the EP, and you should only ask them to do so **after** your ONE Pass application is approved and you're ready to get the new pass issued. Once your EP is cancelled, you cannot work until your ONE Pass is issued.

The cancellation itself is immediate when your employer submits it. However, you need to coordinate the timing carefully — get your ONE Pass approved first, then have your employer cancel the EP just before you go to get the ONE Pass issued. This avoids any gap where you're unable to work.

Can I help with anything else about your ONE Pass application or the transition process?"
q-0044,hard-1,workpass_human_resource,"We're bringing in a candidate on the Overseas Networks & Expertise Pass. He has a 22-year-old unmarried son who he'd like to bring along to Singapore. Can we get a dependent pass for the son, and separately, once the candidate's own ONE Pass is approved in-principle, what payment methods are accepted when we go down to have the pass issued, and are there any ongoing obligations around updating MOM on address changes after issuance?","The 22-year-old son is not eligible for a family/dependent pass under the ONE Pass, because passes for family are not available for children who are married or over the age of 21. If the son wishes to work in Singapore, he would need to obtain his own work pass. For the candidate's own ONE Pass issuance, an appointment must be made at the Employment Pass Services Centre, and the required supporting documents must be brought along. Payment of fees can be made using VISA, MasterCard, AMEX, NETS, or CashCard; if the credit or debit card was not issued in Singapore, it must be activated for overseas use. After issuance, the pass holder is obligated to notify the Work Pass Division, Ministry of Manpower within 14 days of any change in contact details, including residential address.",https://www.mom.gov.sg/passes-and-permits/overseas-networks-expertise-pass/apply-for-a-pass https://www.mom.gov.sg/passes-and-permits/overseas-networks-expertise-pass/passes-for-families,"**Family pass for the 22-year-old son:** No, a Dependant's Pass is not available. Dependant's Passes for children are only for those who are unmarried and under 21 years old. Since your candidate's son is 22, he falls outside this age limit. Married or over-21 children are not eligible for family passes and would need to obtain their own work pass if they wish to come to Singapore.

**Payment methods at issuance:** When getting the ONE Pass issued at the Employment Pass Services Centre (for those without Singpass), the $225 issuance fee can be paid using VISA, MasterCard, AMEX, NETS, or CashCard. If the credit or debit card was not issued in Singapore, it must be activated for overseas use.

**Address update obligations:** Yes, the pass holder must update MOM within 2 weeks of any change to their residential address or mobile number. This is done via EP eService, and the update is immediate. The pass holder should print the acknowledgement page and keep it with their pass card. Failure to update within this timeframe may result in penalties.",3,"All key points are covered accurately: son ineligible due to age (over 21), payment methods (VISA, MasterCard, AMEX, NETS, CashCard with overseas activation note), and 2-week/14-day address update obligation to MOM. Minor additions like fee amount and EP eService details are helpful, not misleading.",1,"USER: We're bringing in a candidate on the Overseas Networks & Expertise Pass. He has a 22-year-old unmarried son who he'd like to bring along to Singapore. Can we get a dependent pass for the son, and separately, once the candidate's own ONE Pass is approved in-principle, what payment methods are accepted when we go down to have the pass issued, and are there any ongoing obligations around updating MOM on address changes after issuance?

BOT: **Family pass for the 22-year-old son:** No, a Dependant's Pass is not available. Dependant's Passes for children are only for those who are unmarried and under 21 years old. Since your candidate's son is 22, he falls outside this age limit. Married or over-21 children are not eligible for family passes and would need to obtain their own work pass if they wish to come to Singapore.

**Payment methods at issuance:** When getting the ONE Pass issued at the Employment Pass Services Centre (for those without Singpass), the $225 issuance fee can be paid using VISA, MasterCard, AMEX, NETS, or CashCard. If the credit or debit card was not issued in Singapore, it must be activated for overseas use.

**Address update obligations:** Yes, the pass holder must update MOM within 2 weeks of any change to their residential address or mobile number. This is done via EP eService, and the update is immediate. The pass holder should print the acknowledgement page and keep it with their pass card. Failure to update within this timeframe may result in penalties."
q-0045,hard-1,workpass_candidate,"My partner and I are in a common-law relationship that's recognised in our home country, and I'm on a Long-Term Visit Pass tied to an ONE Pass holder. I want to work in Singapore — do I need to get a separate work pass like an Employment Pass, or is there another way? And if I apply through my partner's employer, how long can the pass duration be?","As a common-law spouse on a Long-Term Visit Pass (LTVP) linked to an Overseas Networks & Expertise (ONE) Pass holder, you can apply for a Letter of Consent (LOC) to work in Singapore. You do not need to obtain a separate work pass such as an Employment Pass. This is specifically for common-law spouses — other LTVP holders who are not common-law spouses would need to obtain a work pass to work in Singapore. When applying for the LOC, the pass duration applied for can be up to 60 months, although if the application is approved, the period granted may be shorter than what is indicated in the application.",https://www.mom.gov.sg/passes-and-permits/overseas-networks-expertise-pass/passes-for-families/long-term-visit-pass-for-overseas-networks-expertise-pass/working-in-singapore https://www.mom.gov.sg/passes-and-permits/overseas-networks-expertise-pass/passes-for-families,"As a common-law spouse of an ONE Pass holder on a Long-Term Visit Pass, you can work in Singapore through a **Letter of Consent (LOC)** — you don't need a separate Employment Pass or other work pass.

Your prospective employer applies for the LOC on your behalf by completing the Letter of Consent (Common-Law Spouse) application form and submitting it online with supporting documents. Processing takes around 8 weeks.

**Pass duration:** If approved, the LOC can be granted for **up to 60 months** (5 years), though the actual period granted may be shorter. Your LTVP must have at least 3 months' validity before you apply for the LOC.

The LOC allows you to work or run a business in Singapore. Your partner's employer doesn't apply for it — your own prospective employer does.

Can I help with anything else about the LOC application or your work arrangements?",3,"The chatbot correctly identifies the LOC pathway for common-law spouses on LTVP tied to ONE Pass holders, states no separate work pass is needed, and accurately notes the up to 60 months duration with the caveat that actual granted period may be shorter. It also helpfully clarifies that the prospective employer (not partner's employer) applies for the LOC.",1,"USER: My partner and I are in a common-law relationship that's recognised in our home country, and I'm on a Long-Term Visit Pass tied to an ONE Pass holder. I want to work in Singapore — do I need to get a separate work pass like an Employment Pass, or is there another way? And if I apply through my partner's employer, how long can the pass duration be?

BOT: As a common-law spouse of an ONE Pass holder on a Long-Term Visit Pass, you can work in Singapore through a **Letter of Consent (LOC)** — you don't need a separate Employment Pass or other work pass.

Your prospective employer applies for the LOC on your behalf by completing the Letter of Consent (Common-Law Spouse) application form and submitting it online with supporting documents. Processing takes around 8 weeks.

**Pass duration:** If approved, the LOC can be granted for **up to 60 months** (5 years), though the actual period granted may be shorter. Your LTVP must have at least 3 months' validity before you apply for the LOC.

The LOC allows you to work or run a business in Singapore. Your partner's employer doesn't apply for it — your own prospective employer does.

Can I help with anything else about the LOC application or your work arrangements?"
q-0046,hard-1,workpass_human_resource,"We're preparing an EP application for a candidate whose university doesn't appear in MOM's list of recognized institutions. On top of that, the candidate's nationality is already well-represented among our PMET staff, and I'm also wondering how our local PMET hiring ratio factors in. Can you walk me through what we need to handle for the qualification verification and how these workforce composition factors play into the application outcome?","For the qualification verification: if the candidate's awarding institution cannot be found on MOM's list, you must enter its name exactly as it appears on the educational certificate, and the employer must upload a verification proof of the qualification to confirm it is genuine and from an accredited institution.

Regarding workforce composition factors under the COMPASS framework, two distinct criteria are relevant:

1. Nationality diversity criterion: This criterion awards more points to applications where the candidate's nationality forms a small share of the firm's PMET employees. A diverse mix of nationalities enriches firms with new ideas and networks and contributes to a more inclusive and resilient workforce. Since the candidate's nationality is already well-represented among your PMET staff, this criterion would award fewer points for the application.

2. Local PMET share criterion: Points are also affected by whether your firm has a relatively higher share of locals among PMET employees compared to your peers in the same sector. A higher local share relative to sector peers would be favorable.",https://www.mom.gov.sg/passes-and-permits/employment-pass/eligibility https://www.mom.gov.sg/passes-and-permits/employment-pass/apply-for-a-pass,"Based on the guidance, here's what you need to handle for both the qualification verification and how workforce composition affects your application:

## **Qualification Verification**

Since the university doesn't appear in MOM's list, you must provide verification proof that the qualification is **both authentic and from an accredited institution** (recognised by the local government). You have three options:

**1. Background Screening Company** (most common for unlisted institutions)
- Engage a background screening company to verify the qualification
- They'll provide a verification report with an MOM verification reference number
- Upload this report when submitting the EP application
- Typical turnaround: 1–2 weeks, so plan ahead

**2. Government/Awarding Institution Portal**
- If the university offers online verification, take screenshots showing the candidate's details and degree awarded
- Must include visible website address and confirmation the degree was awarded
- Upload both the verification page and verified result page

**3. OpenCerts** (for digital certificates only)
- If the qualification is issued as a digital certificate, verify it through the OpenCerts portal
- Upload the verified certificate

**Important:** Certificates and school letters alone are **not** acceptable verification proof. You need one of the three methods above.

## **Workforce Composition Impact**

Your workforce composition affects two COMPASS criteria:

**C3 – Diversity (candidate's nationality share)**
- If the candidate's nationality already forms **25% or more** of your PMET workforce: **0 points**
- 5% to less than 25%: **10 points**
- Less than 5%: **20 points**
- If you have fewer than 25 PMETs total: **10 points by default**

**C4 – Support for Local Employment (local PMET hiring ratio)**
- If your local PMET share is at the **50th percentile or above** within your sector: **20 points**
- 20th to less than 50th percentile: **10 points**
- Below 20th percentile: **0 points**
- If you have fewer than 25 PMETs total: **10 points by default**
- Safety net: If your local PMET share is at least 70%, you get **at least 10 points** regardless of sector comparison

Use the **Workforce Insights tool** on myMOM Portal to check where you currently stand on both C3 and C4. These scores are based on a rolling 3-month average, so improvements take time.

The application needs **40 points total** to pass COMPASS. If the candidate's nationality is well-represented and your local hiring ratio is low, you'll need to compensate through other criteria (salary benchmarking, qualifications, or bonus points).

Can I help with anything else about the application?",3,"The chatbot provides accurate and comprehensive information covering qualification verification methods (with more detail than the reference) and correctly explains both COMPASS criteria C3 (nationality diversity) and C4 (local PMET share) with specific point thresholds, matching the reference answer's key points while adding useful practical details.",1,"USER: We're preparing an EP application for a candidate whose university doesn't appear in MOM's list of recognized institutions. On top of that, the candidate's nationality is already well-represented among our PMET staff, and I'm also wondering how our local PMET hiring ratio factors in. Can you walk me through what we need to handle for the qualification verification and how these workforce composition factors play into the application outcome?

BOT: Based on the guidance, here's what you need to handle for both the qualification verification and how workforce composition affects your application:

## **Qualification Verification**

Since the university doesn't appear in MOM's list, you must provide verification proof that the qualification is **both authentic and from an accredited institution** (recognised by the local government). You have three options:

**1. Background Screening Company** (most common for unlisted institutions)
- Engage a background screening company to verify the qualification
- They'll provide a verification report with an MOM verification reference number
- Upload this report when submitting the EP application
- Typical turnaround: 1–2 weeks, so plan ahead

**2. Government/Awarding Institution Portal**
- If the university offers online verification, take screenshots showing the candidate's details and degree awarded
- Must include visible website address and confirmation the degree was awarded
- Upload both the verification page and verified result page

**3. OpenCerts** (for digital certificates only)
- If the qualification is issued as a digital certificate, verify it through the OpenCerts portal
- Upload the verified certificate

**Important:** Certificates and school letters alone are **not** acceptable verification proof. You need one of the three methods above.

## **Workforce Composition Impact**

Your workforce composition affects two COMPASS criteria:

**C3 – Diversity (candidate's nationality share)**
- If the candidate's nationality already forms **25% or more** of your PMET workforce: **0 points**
- 5% to less than 25%: **10 points**
- Less than 5%: **20 points**
- If you have fewer than 25 PMETs total: **10 points by default**

**C4 – Support for Local Employment (local PMET hiring ratio)**
- If your local PMET share is at the **50th percentile or above** within your sector: **20 points**
- 20th to less than 50th percentile: **10 points**
- Below 20th percentile: **0 points**
- If you have fewer than 25 PMETs total: **10 points by default**
- Safety net: If your local PMET share is at least 70%, you get **at least 10 points** regardless of sector comparison

Use the **Workforce Insights tool** on myMOM Portal to check where you currently stand on both C3 and C4. These scores are based on a rolling 3-month average, so improvements take time.

The application needs **40 points total** to pass COMPASS. If the candidate's nationality is well-represented and your local hiring ratio is low, you'll need to compensate through other criteria (salary benchmarking, qualifications, or bonus points).

Can I help with anything else about the application?"
q-0047,hard-1,workpass_candidate,"I'm renewing my Employment Pass under a sponsorship arrangement. The HR team mentioned that certain employer contributions to provident funds shouldn't be counted as part of my salary, and they also want to know what company financial details they need to provide on the renewal form. Can you tell me what the renewal form asks about the sponsor company's financials, and confirm whether provident fund contributions count toward salary?","Regarding the sponsor company's financials on the Employment Pass (Sponsorship) Renewal Form: the form requires the sponsor company's paid-up capital (in S$), the nature of business, and the company's turnover for the past 3 years. For each of the 3 years (starting with the most recent), the company must provide the year, the value of turnover (in S$), and indicate whether the turnover figure is from an audited account (selecting 'Yes' or 'No'; for unaudited accounts or if the employing company is exempted from audit, 'No' should be selected). Regarding provident fund contributions: any contributions payable by the employer to any pension or provident fund, including any contributions made on the foreign employee's behalf, are excluded from the computation of salary (i.e., they do not count as part of the foreign employee's fixed monthly salary).",https://www.mom.gov.sg/passes-and-permits/employment-pass/key-facts https://www.mom.gov.sg/passes-and-permits/employment-pass/renew-a-pass,"Based on the EP (Sponsorship) renewal form and guidance, I can answer both your questions:

## Sponsor Company Financial Details Required

The renewal form asks for the following financial information about the **local sponsor company** (Part 3):

1. **Paid-up capital** (in S$)
2. **Nature of business**
3. **Company's turnover for the past 3 years**, including:
   - Year
   - Value (S$) for each year (starting with the most recent)
   - Whether each year's turnover figure is from an audited account (Yes/No)

## Provident Fund Contributions and Salary

**Your HR team is correct** — employer contributions to provident funds do NOT count toward your fixed monthly salary.

The definition of fixed monthly salary explicitly excludes:

> ""Contributions payable by the employer to any pension or provident fund, including any contributions made on the employee's behalf""

**Fixed monthly salary** consists only of:
- **Basic monthly salary** (payment that doesn't vary month to month)
- **Fixed monthly allowances** (monthly allowances that don't vary)

It specifically excludes variable allowances, bonuses, commissions, stock options, reimbursements, productivity payments, gratuities, and **employer provident fund contributions**.

Is there anything else about the EP (Sponsorship) renewal process you'd like to know?",3,"The chatbot accurately covers all required financial details (paid-up capital, nature of business, 3-year turnover with year/value/audited status) and correctly confirms that employer provident fund contributions are excluded from salary computation, matching the reference answer comprehensively.",1,"USER: I'm renewing my Employment Pass under a sponsorship arrangement. The HR team mentioned that certain employer contributions to provident funds shouldn't be counted as part of my salary, and they also want to know what company financial details they need to provide on the renewal form. Can you tell me what the renewal form asks about the sponsor company's financials, and confirm whether provident fund contributions count toward salary?

BOT: Based on the EP (Sponsorship) renewal form and guidance, I can answer both your questions:

## Sponsor Company Financial Details Required

The renewal form asks for the following financial information about the **local sponsor company** (Part 3):

1. **Paid-up capital** (in S$)
2. **Nature of business**
3. **Company's turnover for the past 3 years**, including:
   - Year
   - Value (S$) for each year (starting with the most recent)
   - Whether each year's turnover figure is from an audited account (Yes/No)

## Provident Fund Contributions and Salary

**Your HR team is correct** — employer contributions to provident funds do NOT count toward your fixed monthly salary.

The definition of fixed monthly salary explicitly excludes:

> ""Contributions payable by the employer to any pension or provident fund, including any contributions made on the employee's behalf""

**Fixed monthly salary** consists only of:
- **Basic monthly salary** (payment that doesn't vary month to month)
- **Fixed monthly allowances** (monthly allowances that don't vary)

It specifically excludes variable allowances, bonuses, commissions, stock options, reimbursements, productivity payments, gratuities, and **employer provident fund contributions**.

Is there anything else about the EP (Sponsorship) renewal process you'd like to know?"
q-0048,hard-1,workpass_human_resource,"We're looking to hire a clinical psychologist from overseas — the candidate is 38 years old. I know clinical psychology is on the Shortage Occupation List, so they'd get the skills bonus under COMPASS. But I want to understand what fixed salary we'd need to offer to score points on the COMPASS salary criterion as well. What's the salary benchmark at age 38 for both the 10-point and 20-point thresholds, and are there any specific qualification or registration requirements we need to meet for the SOL skills bonus for a clinical psychologist?","For the COMPASS salary criterion at age 38, the required salary benchmarks are $8,530 to score 10 points (65th percentile of local PMETs) and $14,045 to score 20 points (90th percentile of local PMETs). These benchmarks are based on the candidate's age and represent the salary thresholds relative to local PMET pay in the sector.

For the Shortage Occupation List (SOL) skills bonus for a clinical psychologist, the eligible job title is 'Clinical psychologist'. The key job duties include assessing mental health and social needs, formulating care, and delivering a range of psychological therapies including Cognitive Behavioural Therapy across the age range and across hospital and community settings. More details on job duties can be found on MOH's Team Healthcare website.

The additional requirements are that applicants should have at least a Master's degree in Clinical Psychology. MOH will assess all applications and may contact employers for more information. The supporting sector agency is the Ministry of Health (MOH).",https://www.mom.gov.sg/passes-and-permits/employment-pass/eligibility/compass-c1-salary-benchmarks https://www.mom.gov.sg/passes-and-permits/employment-pass/eligibility/compass-c5-skills-bonus-shortage-occupation-list-sol,"For a 38-year-old clinical psychologist candidate, here's what you need to know:

## COMPASS C1 Salary Benchmarks (Age 38)

Your candidate falls under the **Health & Social Services** sector. At age 38, the salary thresholds are:

- **10 points (65th percentile):** $8,132 per month
- **20 points (90th percentile):** $14,491 per month

These are the fixed monthly salary benchmarks that will earn COMPASS points under the C1 Salary criterion.

## C5 Skills Bonus Requirements for Clinical Psychologist

To qualify for the **20 bonus points** under COMPASS C5 for the clinical psychologist shortage occupation, your candidate must meet these requirements:

**Key Job Duties:**
- Assess mental health and social needs, formulate care and deliver a range of psychological therapies including Cognitive Behavioural Therapy across the age range and across hospital and community settings

**Qualification Requirement:**
- At least a **Master's degree in Clinical Psychology**

**Additional Notes:**
- MOH (Ministry of Health) will assess all applications and may contact employers for more information
- The job title selected in the EP application must match the occupation advertised on MyCareersFuture (unless you're exempt from FCF advertising requirements)

With the C5 Skills Bonus (20 points) plus salary points from C1, your candidate should have a strong COMPASS score, making the EP application more competitive.",2,"The chatbot correctly identifies the qualification requirement (Master's in Clinical Psychology), job duties, and MOH involvement. However, the salary benchmarks differ from the reference ($8,132 vs $8,530 for 10 points; $14,491 vs $14,045 for 20 points), which is a notable discrepancy in the key numerical data requested.",1,"USER: We're looking to hire a clinical psychologist from overseas — the candidate is 38 years old. I know clinical psychology is on the Shortage Occupation List, so they'd get the skills bonus under COMPASS. But I want to understand what fixed salary we'd need to offer to score points on the COMPASS salary criterion as well. What's the salary benchmark at age 38 for both the 10-point and 20-point thresholds, and are there any specific qualification or registration requirements we need to meet for the SOL skills bonus for a clinical psychologist?

BOT: For a 38-year-old clinical psychologist candidate, here's what you need to know:

## COMPASS C1 Salary Benchmarks (Age 38)

Your candidate falls under the **Health & Social Services** sector. At age 38, the salary thresholds are:

- **10 points (65th percentile):** $8,132 per month
- **20 points (90th percentile):** $14,491 per month

These are the fixed monthly salary benchmarks that will earn COMPASS points under the C1 Salary criterion.

## C5 Skills Bonus Requirements for Clinical Psychologist

To qualify for the **20 bonus points** under COMPASS C5 for the clinical psychologist shortage occupation, your candidate must meet these requirements:

**Key Job Duties:**
- Assess mental health and social needs, formulate care and deliver a range of psychological therapies including Cognitive Behavioural Therapy across the age range and across hospital and community settings

**Qualification Requirement:**
- At least a **Master's degree in Clinical Psychology**

**Additional Notes:**
- MOH (Ministry of Health) will assess all applications and may contact employers for more information
- The job title selected in the EP application must match the occupation advertised on MyCareersFuture (unless you're exempt from FCF advertising requirements)

With the C5 Skills Bonus (20 points) plus salary points from C1, your candidate should have a strong COMPASS score, making the EP application more competitive."
q-0049,hard-1,workpass_candidate,I'm about to renew an Employment Pass for one of our employees whose pass expires in October 2024. I also need to submit their educational qualification details as part of the application. Can you tell me what I need to know about the renewal criteria and how to handle the qualification entry if the institution name isn't showing up in the dropdown?,"For the renewal: Since the EP is expiring from 1 September 2024 onwards (which includes October 2024), the pass holder will need to pass the COMPASS requirements in order to renew.

For the educational qualification entry: If the institution name on the educational certificate or verification proof is not available in the dropdown menu, you should enter the institution's most recent name where applicable. You may also choose not to declare the qualification if you are unable to find it on the list. Additionally, you should enter the qualification level as per the verification proof or educational certificate, and enter the faculty as per the transcript if it is not found in the verification proof or educational certificate. You should also read the guidelines before submitting the verification proof.",https://www.mom.gov.sg/passes-and-permits/employment-pass/documents-required https://www.mom.gov.sg/passes-and-permits/employment-pass/renew-a-pass,"Based on the guidance, here's what you need to know about renewing the Employment Pass:

## Renewal Criteria

Your employee must meet these requirements:

1. **Qualifying salary**: Earn at least the EP qualifying salary for their age
2. **Same employer**: Continue working for you in a managerial, executive, or specialised role
3. **COMPASS**: Pass the points-based COMPASS assessment (since the pass expires from 1 September 2024)
   - **Exception**: Candidates earning at least $22,500 fixed monthly salary are exempt from COMPASS

## Renewal Timing & Process

- You can renew **up to 6 months (180 days)** before expiry
- Apply via the myMOM Portal
- Processing: within 10 business days
- Any remaining validity (up to 6 months) from the current pass carries over to the renewal

## Educational Qualification Entry

**Good news**: Once a qualification has been verified, there's no need to verify it again at renewal or when changing employers. You'll only be prompted to verify if needed when filling in the application form.

### If the institution name isn't in the dropdown:

1. **Enter the institution's most recent name** where applicable, especially if the institution has undergone a name change
2. **Check for spelling errors** or correct translation from another language
3. **You may choose not to declare the qualification** if you cannot find it on the list (unless your candidate needs C2 points for COMPASS or is applying for a shortage occupation role that requires qualification declaration)

The system instructs you to ""select from the drop-down list of accredited awarding institutions whenever possible,"" but if it's genuinely not there, enter the most recent/correct name.

Can I help with anything else about the renewal process?",2,"Covers the key points about COMPASS requirement for October 2024 expiry and entering the institution's most recent name or choosing not to declare the qualification. However, omits the reference's guidance about entering qualification level per verification proof/certificate and entering faculty per transcript, while adding extra details not in the reference.",1,"USER: I'm about to renew an Employment Pass for one of our employees whose pass expires in October 2024. I also need to submit their educational qualification details as part of the application. Can you tell me what I need to know about the renewal criteria and how to handle the qualification entry if the institution name isn't showing up in the dropdown?

BOT: Based on the guidance, here's what you need to know about renewing the Employment Pass:

## Renewal Criteria

Your employee must meet these requirements:

1. **Qualifying salary**: Earn at least the EP qualifying salary for their age
2. **Same employer**: Continue working for you in a managerial, executive, or specialised role
3. **COMPASS**: Pass the points-based COMPASS assessment (since the pass expires from 1 September 2024)
   - **Exception**: Candidates earning at least $22,500 fixed monthly salary are exempt from COMPASS

## Renewal Timing & Process

- You can renew **up to 6 months (180 days)** before expiry
- Apply via the myMOM Portal
- Processing: within 10 business days
- Any remaining validity (up to 6 months) from the current pass carries over to the renewal

## Educational Qualification Entry

**Good news**: Once a qualification has been verified, there's no need to verify it again at renewal or when changing employers. You'll only be prompted to verify if needed when filling in the application form.

### If the institution name isn't in the dropdown:

1. **Enter the institution's most recent name** where applicable, especially if the institution has undergone a name change
2. **Check for spelling errors** or correct translation from another language
3. **You may choose not to declare the qualification** if you cannot find it on the list (unless your candidate needs C2 points for COMPASS or is applying for a shortage occupation role that requires qualification declaration)

The system instructs you to ""select from the drop-down list of accredited awarding institutions whenever possible,"" but if it's genuinely not there, enter the most recent/correct name.

Can I help with anything else about the renewal process?"
q-0050,hard-1,workpass_human_resource,"We're looking to bring in a process engineer for our semiconductor fab on an Employment Pass. The candidate has a Bachelor's in Chemical Engineering. If the EP application gets rejected, can the candidate himself write in to MOM to appeal, or does it have to come from us as the employer? Also, are there any other requirements beyond the engineering degree that MOM checks for this particular role?","For the appeal: Only the employer or an authorised third party who submitted the EP application can make enquiries or appeals to MOM. MOM will not entertain enquiries or appeals from the candidate or anyone else, so the candidate cannot write in himself — it must come from you as the employer (or your authorised third party).

For the process engineer role under the shortage occupation list, the candidate must meet both of the following criteria:
(1) The candidate must be from a firm involved in the Semiconductor space. MOM verifies this directly with EDB, so no additional documentation is required from the employer. New entrants to the Semiconductor space can reach out to EDB.
(2) The candidate must have at least a Bachelor's Degree in an engineering or science faculty. This includes, but is not limited to: Electrical Engineering, Mechanical Engineering, Chemical Engineering, Materials Engineering, and Material Sciences.

A Bachelor's in Chemical Engineering satisfies criterion (2), but criterion (1) — that the firm is in the semiconductor space — must also be met, and MOM will verify this with EDB directly.",https://www.mom.gov.sg/passes-and-permits/employment-pass/upcoming-changes-to-employment-pass-eligibility/complementarity-assessment-framework-compass/compass-shortage-occupation-list#what-additional-requirements-must-my-candidate-meet-to-obtain-the-sol-bonus-points https://www.mom.gov.sg/passes-and-permits/employment-pass,"For your EP appeal question: **only you as the employer** (or your appointed employment agent) may submit an appeal. The candidate cannot appeal directly. You have **3 months** from the rejection date to submit the appeal, and 85% of appeals are processed within 6 weeks.

Regarding requirements beyond the engineering degree for your process engineer role:

**Stage 1: Qualifying Salary**
The candidate must meet the minimum EP qualifying salary, which varies by age. For the general sector (your semiconductor fab would fall under this):
- Age 23 and below: $5,600/month
- Rising progressively with age up to $10,700/month for those aged 45 and above

**Stage 2: COMPASS Assessment (40 points required)**
Unless the candidate earns at least $22,500/month (which exempts them from COMPASS), the application must score at least 40 points across six criteria:

1. **C1 Salary** – benchmarked against local PMET salaries in the manufacturing sector for the candidate's age
2. **C2 Qualifications** – the Bachelor's in Chemical Engineering will score 10 points (20 points if from a top-tier institution on MOM's list)
3. **C3 Diversity** – based on how much the candidate's nationality is represented among your firm's PMETs
4. **C4 Support for local employment** – your firm's local PMET share relative to the manufacturing sector
5. **C5 Skills bonus** – 20 points if the role is on the Shortage Occupation List (some tech roles qualify)
6. **C6 Strategic Economic Priorities** – 10 points if your company participates in eligible government programmes

The degree alone doesn't guarantee approval – the holistic COMPASS score matters. You can use MOM's Self-Assessment Tool before applying to check whether the candidate is likely to qualify.

Can I help you understand the specific salary benchmarks for your candidate's age, or check anything else about the application?",1,"Correctly states only employer can appeal, but misses the key SOL-specific requirements: that MOM verifies the firm is in the semiconductor space with EDB, and that the degree must be in engineering/science. Instead provides generic COMPASS info without addressing the specific SOL criteria the question asked about.",1,"USER: We're looking to bring in a process engineer for our semiconductor fab on an Employment Pass. The candidate has a Bachelor's in Chemical Engineering. If the EP application gets rejected, can the candidate himself write in to MOM to appeal, or does it have to come from us as the employer? Also, are there any other requirements beyond the engineering degree that MOM checks for this particular role?

BOT: For your EP appeal question: **only you as the employer** (or your appointed employment agent) may submit an appeal. The candidate cannot appeal directly. You have **3 months** from the rejection date to submit the appeal, and 85% of appeals are processed within 6 weeks.

Regarding requirements beyond the engineering degree for your process engineer role:

**Stage 1: Qualifying Salary**
The candidate must meet the minimum EP qualifying salary, which varies by age. For the general sector (your semiconductor fab would fall under this):
- Age 23 and below: $5,600/month
- Rising progressively with age up to $10,700/month for those aged 45 and above

**Stage 2: COMPASS Assessment (40 points required)**
Unless the candidate earns at least $22,500/month (which exempts them from COMPASS), the application must score at least 40 points across six criteria:

1. **C1 Salary** – benchmarked against local PMET salaries in the manufacturing sector for the candidate's age
2. **C2 Qualifications** – the Bachelor's in Chemical Engineering will score 10 points (20 points if from a top-tier institution on MOM's list)
3. **C3 Diversity** – based on how much the candidate's nationality is represented among your firm's PMETs
4. **C4 Support for local employment** – your firm's local PMET share relative to the manufacturing sector
5. **C5 Skills bonus** – 20 points if the role is on the Shortage Occupation List (some tech roles qualify)
6. **C6 Strategic Economic Priorities** – 10 points if your company participates in eligible government programmes

The degree alone doesn't guarantee approval – the holistic COMPASS score matters. You can use MOM's Self-Assessment Tool before applying to check whether the candidate is likely to qualify.

Can I help you understand the specific salary benchmarks for your candidate's age, or check anything else about the application?"
q-0051,hard-1,workpass_candidate,"I'm currently exploring my options between the ONE Pass and the Employment Pass. One thing I'm curious about — if I hold a ONE Pass and decide to switch to a different employer, do I need to reapply for a new pass? And separately, if my Employment Pass gets cancelled while I'm still in Singapore, how long can I stay on a Short-Term Visit Pass?","If you hold a ONE Pass (Overseas Networks & Expertise Pass), you do not need to reapply for a pass if you change jobs. In fact, the ONE Pass provides the flexibility to concurrently start, operate, and work for multiple companies at any one time (subject to your employment contract terms, where relevant). It is also exempt from the Complementarity Assessment Framework (COMPASS) and Fair Consideration Framework job advertising requirements. Additionally, passes are available for eligible family members, and your spouse will be able to apply to work on a Letter of Consent. You may also apply for the ONE Pass without meeting the salary criteria if you have outstanding achievements in at least one specified area. Separately, for Employment Pass holders who are still in Singapore after their pass is cancelled, they can request a Short-Term Visit Pass (STVP) to grant them a valid stay for up to 90 days from the date of application.",https://www.mom.gov.sg/passes-and-permits/overseas-networks-expertise-pass https://www.mom.gov.sg/passes-and-permits/employment-pass,"Perfect! Now I can answer both of your questions clearly.

**ONE Pass and changing employers:**

No, you do not need to reapply for a new pass when you switch employers. This is one of the key features of the ONE Pass — you have the flexibility to change jobs without needing to reapply. The pass remains valid regardless of which employer you work for.

**Employment Pass cancellation and Short-Term Visit Pass:**

When your Employment Pass is cancelled while you're still in Singapore, you can request a Short-Term Visit Pass (STVP) that grants you valid stay for **up to 90 days** from the date of application. Your employer can request this STVP for you when they cancel the pass through the EP eService, and both you and your employer will receive it by email. You'll need to show the STVP and your valid passport to the immigration officer when leaving Singapore.

The ONE Pass offers significantly more flexibility for job changes, which can be a major advantage if you anticipate moving between employers during your time in Singapore.",3,"Both key points are accurately addressed: ONE Pass holders don't need to reapply when changing employers, and EP holders can stay up to 90 days on STVP after cancellation. The chatbot adds helpful procedural details without introducing errors.",1,"USER: I'm currently exploring my options between the ONE Pass and the Employment Pass. One thing I'm curious about — if I hold a ONE Pass and decide to switch to a different employer, do I need to reapply for a new pass? And separately, if my Employment Pass gets cancelled while I'm still in Singapore, how long can I stay on a Short-Term Visit Pass?

BOT: Perfect! Now I can answer both of your questions clearly.

**ONE Pass and changing employers:**

No, you do not need to reapply for a new pass when you switch employers. This is one of the key features of the ONE Pass — you have the flexibility to change jobs without needing to reapply. The pass remains valid regardless of which employer you work for.

**Employment Pass cancellation and Short-Term Visit Pass:**

When your Employment Pass is cancelled while you're still in Singapore, you can request a Short-Term Visit Pass (STVP) that grants you valid stay for **up to 90 days** from the date of application. Your employer can request this STVP for you when they cancel the pass through the EP eService, and both you and your employer will receive it by email. You'll need to show the STVP and your valid passport to the immigration officer when leaving Singapore.

The ONE Pass offers significantly more flexibility for job changes, which can be a major advantage if you anticipate moving between employers during your time in Singapore."
q-0052,hard-1,workpass_human_resource,"We have an ONE Pass holder whose common-law spouse currently holds a Long-Term Visit Pass. The spouse has now received a job offer and wants to work here. Also, the ONE Pass holder's legally married spouse is on a Dependant's Pass and has also been offered a role — but she's actually been selected for an EP. Do both spouses need the same type of authorization to start working, and what do we need to do with the DP before the EP is issued?","No, the two spouses need different types of authorization:

Common-law spouse on LTVP: Needs a Letter of Consent to work. The prospective employer applies on their behalf, processing takes around 8 weeks, and the LTVP must have at least 3 months validity before applying.

Legally married spouse on Dependant's Pass: Since she's been selected for an EP, she'll work under that Employment Pass — not via a Letter of Consent. The EP gives her independent work and stay privileges.

What you must do with the DP: You need to cancel the Dependant's Pass before the EP is issued. Once she holds an EP, her stay in Singapore no longer depends on the ONE Pass holder, so the DP is no longer required and must be cancelled first.",https://www.mom.gov.sg/passes-and-permits/overseas-networks-expertise-pass/passes-for-families/dependants-pass-for-overseas-networks-expertise-pass https://www.mom.gov.sg/passes-and-permits/overseas-networks-expertise-pass/passes-for-families/long-term-visit-pass-for-overseas-networks-expertise-pass/working-in-singapore,"No, the two spouses need different types of authorization, and you must cancel the DP before the EP is issued.

**For the common-law spouse on LTVP:** They need a **Letter of Consent** to work. The prospective employer must complete and submit the LOC application form with supporting documents. Processing takes around 8 weeks, and the LTVP must have at least 3 months validity before applying.

**For the legally married spouse on Dependant's Pass:** Since she's been selected for an EP, she needs to apply for the **Employment Pass** through the standard EP process. However, you must **cancel her Dependant's Pass before the EP is issued**. Once she holds an EP, her stay in Singapore will no longer depend on the ONE Pass holder, so the DP is no longer required or permitted.

The DP holder is also exempt from the Fair Consideration Framework advertising requirement and COMPASS assessment that would normally apply to EP applications, given her current DP status.

Can I help with anything else regarding these applications?",3,"The chatbot's answer accurately covers all key points: different authorization types for each spouse, LOC requirements for the LTVP holder including processing time and validity requirement, EP for the DP holder, and the need to cancel the DP before EP issuance. The additional information about FCF/COMPASS exemptions is relevant and helpful, not noise.",1,"USER: We have an ONE Pass holder whose common-law spouse currently holds a Long-Term Visit Pass. The spouse has now received a job offer and wants to work here. Also, the ONE Pass holder's legally married spouse is on a Dependant's Pass and has also been offered a role — but she's actually been selected for an EP. Do both spouses need the same type of authorization to start working, and what do we need to do with the DP before the EP is issued?

BOT: No, the two spouses need different types of authorization, and you must cancel the DP before the EP is issued.

**For the common-law spouse on LTVP:** They need a **Letter of Consent** to work. The prospective employer must complete and submit the LOC application form with supporting documents. Processing takes around 8 weeks, and the LTVP must have at least 3 months validity before applying.

**For the legally married spouse on Dependant's Pass:** Since she's been selected for an EP, she needs to apply for the **Employment Pass** through the standard EP process. However, you must **cancel her Dependant's Pass before the EP is issued**. Once she holds an EP, her stay in Singapore will no longer depend on the ONE Pass holder, so the DP is no longer required or permitted.

The DP holder is also exempt from the Fair Consideration Framework advertising requirement and COMPASS assessment that would normally apply to EP applications, given her current DP status.

Can I help with anything else regarding these applications?"
q-0053,hard-1,workpass_candidate,"I'm renewing my Employment Pass and I want to understand what gets verified during the process. I know MOM checks my income somehow, and I also recall having to deal with my university qualifications when I first applied. Can you explain how my income is verified with IRAS during renewal, and what I should do if my university's name doesn't appear in the dropdown when I need to submit educational verification proof?","For income verification during EP renewal, the applicant consents to the Comptroller of Income Tax verifying the income stated in the current and renewal applications based on the assessment record for the current Year of Assessment. If that assessment record is not available or finalised at the point of verification, the Comptroller of Income Tax will verify income against the assessment records for the two previous Years of Assessment. The results of the verification are then communicated by the Comptroller of Income Tax to the Controller of Work Passes.

Regarding educational qualification verification: if the institution name on the educational certificate or verification proof is not available in the dropdown menu, the applicant should enter the institution's most recent name where applicable. Alternatively, the applicant may choose not to declare the qualification if they are unable to find it on the list. The applicant should also enter the qualification level as per the verification proof or educational certificate, and enter the faculty as per the transcript if it is not found in the verification proof or educational certificate.",https://www.mom.gov.sg/passes-and-permits/employment-pass/renew-a-pass https://www.mom.gov.sg/passes-and-permits/employment-pass/documents-required,"## Income Verification with IRAS

Your income is verified automatically through a consent mechanism built into the EP renewal process. In Part 5 of the renewal declaration form, you give consent for the Comptroller of Income Tax (IRAS) to verify your income stated in your application against your tax assessment records. 

Here's how it works: IRAS checks your income against your assessment record for the current Year of Assessment. If that record isn't available or finalised yet, they verify against your assessment records for the two previous Years of Assessment. The results are then communicated directly to the Controller of Work Passes. This happens behind the scenes—you don't need to submit tax documents yourself.

## University Not in Dropdown

If your university's name doesn't appear in the dropdown when submitting educational verification proof, you should **enter the institution's most recent name** where applicable. The guidance explicitly states: ""If the institution name on your educational certificate or verification proof is not available in the dropdown menu, please enter the institution's most recent name where applicable.""

Alternatively, **you may choose not to declare the qualification** if you're unable to find it on the list. However, there's an important point to note: once your qualification has been verified during your initial application, you don't need to get it verified again at renewal or when changing employers. The system will only prompt you to verify qualifications if needed.

Is there anything specific about the verification process you'd like me to clarify further?",2,"Covers both income verification and university dropdown issues accurately, but omits the reference's guidance about entering qualification level per verification proof/certificate and entering faculty per transcript if not found in verification proof.",1,"USER: I'm renewing my Employment Pass and I want to understand what gets verified during the process. I know MOM checks my income somehow, and I also recall having to deal with my university qualifications when I first applied. Can you explain how my income is verified with IRAS during renewal, and what I should do if my university's name doesn't appear in the dropdown when I need to submit educational verification proof?

BOT: ## Income Verification with IRAS

Your income is verified automatically through a consent mechanism built into the EP renewal process. In Part 5 of the renewal declaration form, you give consent for the Comptroller of Income Tax (IRAS) to verify your income stated in your application against your tax assessment records. 

Here's how it works: IRAS checks your income against your assessment record for the current Year of Assessment. If that record isn't available or finalised yet, they verify against your assessment records for the two previous Years of Assessment. The results are then communicated directly to the Controller of Work Passes. This happens behind the scenes—you don't need to submit tax documents yourself.

## University Not in Dropdown

If your university's name doesn't appear in the dropdown when submitting educational verification proof, you should **enter the institution's most recent name** where applicable. The guidance explicitly states: ""If the institution name on your educational certificate or verification proof is not available in the dropdown menu, please enter the institution's most recent name where applicable.""

Alternatively, **you may choose not to declare the qualification** if you're unable to find it on the list. However, there's an important point to note: once your qualification has been verified during your initial application, you don't need to get it verified again at renewal or when changing employers. The system will only prompt you to verify qualifications if needed.

Is there anything specific about the verification process you'd like me to clarify further?"
q-0054,hard-1,workpass_human_resource,"We have an ONE Pass holder whose passport is expiring soon, and he also wants to bring his 22-year-old unmarried son to Singapore. Can I update the passport details via a written request to MOM, and can I apply for a Dependant's Pass for his son at the same time?","For the passport update: You can update the passport number and expiry date instantly using the EP eService. Written requests to update these two details will no longer be accepted, so a written request will not work.

For the 22-year-old son: Passes for family members are not available for children who are married or over the age of 21. Since the son is 22, he is not eligible for a family pass under the ONE Pass, even though he is unmarried. He may choose to obtain his own work pass if he wishes to work in Singapore.

Additionally, note that although you can apply for family passes at the same time as the Overseas Networks & Expertise Pass, you may lose the application fees for each family pass if the ONE Pass application gets rejected.",https://www.mom.gov.sg/passes-and-permits/overseas-networks-expertise-pass/passes-for-families https://www.mom.gov.sg/passes-and-permits/overseas-networks-expertise-pass/notify-mom,"Based on the guidance:

**Passport Update:**
No, you cannot update the passport details via a written request. The ONE Pass holder must update their passport number and expiry date **instantly using EP eService**. Written requests for passport updates are no longer accepted. The update is immediate, and if the holder wishes to use automated gates at local checkpoints, they can do so 4 working days after making the update.

**Dependant's Pass for 22-year-old son:**
No, you cannot apply for a Dependant's Pass for the 22-year-old son. Dependant's Passes for children are only available for those who are **unmarried and under 21 years old** (including legally adopted children). 

Since the son is 22 years old, he is not eligible for a Dependant's Pass, even if unmarried. The guidance explicitly states that ""passes for family are not available for children who are married or over the age of 21."" If the son wishes to come to Singapore, he would need to obtain his own work pass.

Can I help with anything else regarding the ONE Pass holder's situation?",3,"The chatbot correctly addresses both parts: passport updates must be done via EP eService (written requests not accepted), and the 22-year-old son is ineligible for a Dependant's Pass due to being over 21. It also suggests the son could obtain his own work pass. The answer is accurate and comprehensive.",1,"USER: We have an ONE Pass holder whose passport is expiring soon, and he also wants to bring his 22-year-old unmarried son to Singapore. Can I update the passport details via a written request to MOM, and can I apply for a Dependant's Pass for his son at the same time?

BOT: Based on the guidance:

**Passport Update:**
No, you cannot update the passport details via a written request. The ONE Pass holder must update their passport number and expiry date **instantly using EP eService**. Written requests for passport updates are no longer accepted. The update is immediate, and if the holder wishes to use automated gates at local checkpoints, they can do so 4 working days after making the update.

**Dependant's Pass for 22-year-old son:**
No, you cannot apply for a Dependant's Pass for the 22-year-old son. Dependant's Passes for children are only available for those who are **unmarried and under 21 years old** (including legally adopted children). 

Since the son is 22 years old, he is not eligible for a Dependant's Pass, even if unmarried. The guidance explicitly states that ""passes for family are not available for children who are married or over the age of 21."" If the son wishes to come to Singapore, he would need to obtain his own work pass.

Can I help with anything else regarding the ONE Pass holder's situation?"
q-0055,hard-1,workpass_candidate,"We're hiring a digital forensics analyst who is 28 years old. We want to understand what salary benchmarks apply under COMPASS C1 for someone at that age, and also what qualifications or experience this role requires to qualify for the C5 skills bonus on the Shortage Occupation List.","For a 28-year-old candidate, the COMPASS C1 salary benchmarks are: $8,600 to earn 10 points (65th percentile of local PMETs in ICT field) and $12,994 to earn 20 points (90th percentile of local PMETs in ICT field). For the C5 skills bonus under the Shortage Occupation List, the role of Digital forensics analyst is eligible, and the candidate must meet either of two requirements: (1a) at least a Bachelor's degree in one of the following faculties — Computer Science, Information Technology, Programming & Systems Analysis, or Science (Computer Studies); OR (1b) a minimum total of three years' work experience in at least one of these job titles: Computer forensics expert, Computer forensics investigator, Cyber forensics expert, Cyber forensics investigation specialist, Cyber incident investigation specialist, Cyber threat investigation specialist, Digital forensic expert, Digital forensics analyst, ICT forensics expert, or Information forensics expert. The supporting agency for this SOL occupation is the Infocomm Media Development Authority (IMDA). The job duties include conducting complex post-incident forensic analysis to investigate causes of intrusion, attack, loss, or breach; identifying and defining forensic issues and root causes; developing reports detailing incident timeline, evidence, findings, conclusions and recommendations; supporting the design of a breach notification process after a security incident; selecting, testing, and deploying security products and collecting information about Internet-based criminal activities; and recommending corrective actions to prevent and mitigate internal control failures.",https://www.mom.gov.sg/passes-and-permits/employment-pass/eligibility/compass-c5-skills-bonus-shortage-occupation-list-sol https://www.mom.gov.sg/passes-and-permits/employment-pass/eligibility/compass-c1-salary-benchmarks,"For a **28-year-old digital forensics analyst**, here's what you need to know:

## COMPASS C1 Salary Benchmarks (Age 28)

The salary thresholds depend on your company's sector classification. For the **Info-communication Technology (ICT) sector**, which is most relevant for a digital forensics analyst:

- **10 points (65th percentile)**: $8,600/month
- **20 points (90th percentile)**: $12,994/month

These are the current benchmarks. Note that candidates earning at least $22,500 fixed monthly salary are exempt from COMPASS entirely.

## C5 Skills Bonus – Digital Forensics Specialist

**Good news**: Digital forensics analyst is on the Shortage Occupation List! The role qualifies for the C5 Skills Bonus under the title **""Digital forensics specialist""**.

### Eligible Job Titles:
- Computer forensics expert
- Computer forensics investigator
- Cyber forensics expert
- Cyber forensics investigation specialist
- Cyber incident investigation specialist
- Cyber threat investigation specialist
- **Digital forensic expert**
- **Digital forensics analyst** ✓
- ICT forensics expert
- Information forensics expert

### Key Job Duties Required:
- Conduct complex post-incident forensic analysis to investigate causes of intrusion, attack, loss, or breach
- Identify and define forensic issues and root causes
- Develop reports detailing incident timeline, evidence, findings, conclusions and recommendations
- Support breach notification process design
- Select, test, and deploy security products and collect information about Internet-based criminal activities
- Recommend corrective actions to prevent and mitigate internal control failures

### Qualification Requirements (Either/Or):

**Option 1**: At least a Bachelor's degree in:
- Computer Science
- Information Technology
- Programming & Systems Analysis
- Science (Computer Studies)

**OR**

**Option 2**: Minimum **three years' total work experience** in any of the eligible job titles listed above (including digital forensics analyst)

### Application Notes:
- Select the job title in your EP application that matches your MyCareersFuture advertisement
- Upload qualifications under the qualifications section
- Select relevant work experience in the work experience section
- The supporting agency is IMDA (Infocomm Media Development Authority)

Would you like help with any other aspects of the EP application?",3,"The chatbot's answer is accurate and comprehensive, covering all key points from the reference: correct C1 salary benchmarks for age 28 ($8,600 for 10 points, $12,994 for 20 points), the qualification requirements (Bachelor's degree in specified fields OR 3 years' experience), all eligible job titles, job duties, and the supporting agency (IMDA). Minor additions like application notes are helpful rather than distracting.",1,"USER: We're hiring a digital forensics analyst who is 28 years old. We want to understand what salary benchmarks apply under COMPASS C1 for someone at that age, and also what qualifications or experience this role requires to qualify for the C5 skills bonus on the Shortage Occupation List.

BOT: For a **28-year-old digital forensics analyst**, here's what you need to know:

## COMPASS C1 Salary Benchmarks (Age 28)

The salary thresholds depend on your company's sector classification. For the **Info-communication Technology (ICT) sector**, which is most relevant for a digital forensics analyst:

- **10 points (65th percentile)**: $8,600/month
- **20 points (90th percentile)**: $12,994/month

These are the current benchmarks. Note that candidates earning at least $22,500 fixed monthly salary are exempt from COMPASS entirely.

## C5 Skills Bonus – Digital Forensics Specialist

**Good news**: Digital forensics analyst is on the Shortage Occupation List! The role qualifies for the C5 Skills Bonus under the title **""Digital forensics specialist""**.

### Eligible Job Titles:
- Computer forensics expert
- Computer forensics investigator
- Cyber forensics expert
- Cyber forensics investigation specialist
- Cyber incident investigation specialist
- Cyber threat investigation specialist
- **Digital forensic expert**
- **Digital forensics analyst** ✓
- ICT forensics expert
- Information forensics expert

### Key Job Duties Required:
- Conduct complex post-incident forensic analysis to investigate causes of intrusion, attack, loss, or breach
- Identify and define forensic issues and root causes
- Develop reports detailing incident timeline, evidence, findings, conclusions and recommendations
- Support breach notification process design
- Select, test, and deploy security products and collect information about Internet-based criminal activities
- Recommend corrective actions to prevent and mitigate internal control failures

### Qualification Requirements (Either/Or):

**Option 1**: At least a Bachelor's degree in:
- Computer Science
- Information Technology
- Programming & Systems Analysis
- Science (Computer Studies)

**OR**

**Option 2**: Minimum **three years' total work experience** in any of the eligible job titles listed above (including digital forensics analyst)

### Application Notes:
- Select the job title in your EP application that matches your MyCareersFuture advertisement
- Upload qualifications under the qualifications section
- Select relevant work experience in the work experience section
- The supporting agency is IMDA (Infocomm Media Development Authority)

Would you like help with any other aspects of the EP application?"
q-0056,hard-1,workpass_human_resource,"We have an ONE Pass holder who wants to bring over his 22-year-old unmarried son who has a disability, and also wants to start working in a restricted occupation. What type of pass can the son get, and what does the ONE Pass holder need to do before he can begin work in that restricted occupation?","The 22-year-old unmarried handicapped child of an Overseas Networks & Expertise Pass (ONE Pass) holder is eligible for a Long-Term Visit Pass (not a Dependant's Pass, which is only for unmarried children under 21). To work in a restricted occupation, the ONE Pass holder must submit a request to MOM using their online form (at go.gov.sg/request-restricted-occupation) before starting work in that occupation. The holder can only begin work in the restricted occupation after the request has been approved, and MOM will respond within 3 weeks in most cases. A full list of restricted occupations is available from MOM.",https://www.mom.gov.sg/passes-and-permits/overseas-networks-expertise-pass/notify-mom https://www.mom.gov.sg/passes-and-permits/overseas-networks-expertise-pass/passes-for-families,"Based on the guidance:

**For the 22-year-old son with a disability:**

The son qualifies for a **Long-Term Visit Pass**. Handicapped children who are unmarried and aged 21 and above are eligible for LTVP under the ONE Pass holder's family pass entitlements.

**For working in a restricted occupation:**

The ONE Pass holder must **obtain MOM approval before starting work** in the restricted occupation. The process is:

1. Submit a request to MOM using the [online form](https://go.gov.sg/request-restricted-occupation)
2. Wait for approval — MOM responds within 3 weeks in most cases
3. Only begin work in the restricted occupation after the request has been approved

The restricted occupations include predominantly media-related roles (editors, journalists, producers, reporters) and religious roles (pastors, priests, monks, imams, rabbis, missionaries, and other religious workers). The ONE Pass holder cannot work in any of these 161 listed occupations without prior MOM approval.

Can I help with anything else regarding the ONE Pass or family pass applications?",3,"The answer correctly identifies Long-Term Visit Pass for the handicapped son aged 22+, and accurately describes the process for restricted occupation approval including the online form URL, 3-week response time, and requirement to wait for approval before starting work.",1,"USER: We have an ONE Pass holder who wants to bring over his 22-year-old unmarried son who has a disability, and also wants to start working in a restricted occupation. What type of pass can the son get, and what does the ONE Pass holder need to do before he can begin work in that restricted occupation?

BOT: Based on the guidance:

**For the 22-year-old son with a disability:**

The son qualifies for a **Long-Term Visit Pass**. Handicapped children who are unmarried and aged 21 and above are eligible for LTVP under the ONE Pass holder's family pass entitlements.

**For working in a restricted occupation:**

The ONE Pass holder must **obtain MOM approval before starting work** in the restricted occupation. The process is:

1. Submit a request to MOM using the [online form](https://go.gov.sg/request-restricted-occupation)
2. Wait for approval — MOM responds within 3 weeks in most cases
3. Only begin work in the restricted occupation after the request has been approved

The restricted occupations include predominantly media-related roles (editors, journalists, producers, reporters) and religious roles (pastors, priests, monks, imams, rabbis, missionaries, and other religious workers). The ONE Pass holder cannot work in any of these 161 listed occupations without prior MOM approval.

Can I help with anything else regarding the ONE Pass or family pass applications?"
q-0057,hard-1,workpass_candidate,"I'm applying for an Employment Pass and trying to understand the COMPASS bonus points. My company is wondering if we can get bonus points — we might qualify under the Shortage Occupation List for the C5 skills bonus, and we're also looking at the C6 SEP bonus. What do we need to do on both fronts to be eligible for these bonuses?","For the C5 Skills bonus (Shortage Occupation List), applicants should select one of the eligible job titles in the EP application form. This job title must be the same as the occupation used for the job advertisement in MyCareersFuture (MCF), unless the employer is exempted from the Fair Consideration Framework (FCF) job advertising requirement. For the C6 Strategic Economic Priorities (SEP) bonus, the organisation needs to participate in at least one of the eligible programmes. Specifically, firms must be supported by economic agencies or NTUC, and must participate in or meet the criteria for at least one of the specified programmes/categories to be considered for the SEP bonus.",https://www.mom.gov.sg/passes-and-permits/employment-pass/eligibility/compass-c6-strategic-economic-priorities-sep-bonus-eligible-programmes https://www.mom.gov.sg/passes-and-permits/employment-pass/eligibility/compass-c5-skills-bonus-shortage-occupation-list-sol,"Here's what you need to know about qualifying for both COMPASS bonus points:

## **C5 Skills Bonus (Shortage Occupation List)**

To qualify for the C5 bonus, you need to meet **all three** requirements:

1. **Job duties match**: Your candidate must perform the key job duties listed for the specific shortage occupation on the SOL.

2. **Job title alignment**: Select one of the eligible job titles in your EP application. This must match the occupation advertised on MyCareersFuture (unless you're exempt from the Fair Consideration Framework advertising requirement).

3. **Additional requirements**: Meet the specific criteria for that occupation, which typically include:
   - **Relevant qualifications** (upload in the qualifications section), OR
   - **Minimum work experience** in relevant job titles (usually 3 years), AND/OR
   - **Employer verification** by the supporting agency (e.g., EDB, MAS, MOH)

The SOL covers 29 occupations across sectors including agritech, financial services, green economy, healthcare, infocomm technology, maritime, and semiconductors. Each has specific requirements — for example, financial services roles require your firm to be a Singapore-licensed FI with private banking business, while tech roles typically need either a relevant Bachelor's degree or 3 years' experience.

## **C6 Strategic Economic Priorities (SEP) Bonus**

Your organisation must participate in **at least one** of 15 eligible programmes across six supporting agencies:

- **EDB**: DEI, Pioneer Certificate, RISC, manufacturers with 500+ locals, GTP
- **EnterpriseSG**: Scale-Up SG, SGEP, high-growth startups (USD$10M+ investment)
- **IMDA**: IMDA Accreditation, IMDA Spark
- **MPA**: Maritime Sector Incentive awards, MCF-BD
- **STB**: Selected BIF/STA grantees with innovative projects
- **NTUC**: Progressive firms with Company Training Committees or government-supported programmes

MOM verifies participation directly with the relevant agency — you don't need to submit additional documentation for most programmes.

Which sector is your candidate in, and which shortage occupation are you considering?",3,"The chatbot's answer covers both key points from the reference (job title selection matching MCF for C5, and participating in eligible programmes with economic agencies/NTUC for C6) while providing additional accurate and helpful details about specific requirements and programmes without introducing errors.",1,"USER: I'm applying for an Employment Pass and trying to understand the COMPASS bonus points. My company is wondering if we can get bonus points — we might qualify under the Shortage Occupation List for the C5 skills bonus, and we're also looking at the C6 SEP bonus. What do we need to do on both fronts to be eligible for these bonuses?

BOT: Here's what you need to know about qualifying for both COMPASS bonus points:

## **C5 Skills Bonus (Shortage Occupation List)**

To qualify for the C5 bonus, you need to meet **all three** requirements:

1. **Job duties match**: Your candidate must perform the key job duties listed for the specific shortage occupation on the SOL.

2. **Job title alignment**: Select one of the eligible job titles in your EP application. This must match the occupation advertised on MyCareersFuture (unless you're exempt from the Fair Consideration Framework advertising requirement).

3. **Additional requirements**: Meet the specific criteria for that occupation, which typically include:
   - **Relevant qualifications** (upload in the qualifications section), OR
   - **Minimum work experience** in relevant job titles (usually 3 years), AND/OR
   - **Employer verification** by the supporting agency (e.g., EDB, MAS, MOH)

The SOL covers 29 occupations across sectors including agritech, financial services, green economy, healthcare, infocomm technology, maritime, and semiconductors. Each has specific requirements — for example, financial services roles require your firm to be a Singapore-licensed FI with private banking business, while tech roles typically need either a relevant Bachelor's degree or 3 years' experience.

## **C6 Strategic Economic Priorities (SEP) Bonus**

Your organisation must participate in **at least one** of 15 eligible programmes across six supporting agencies:

- **EDB**: DEI, Pioneer Certificate, RISC, manufacturers with 500+ locals, GTP
- **EnterpriseSG**: Scale-Up SG, SGEP, high-growth startups (USD$10M+ investment)
- **IMDA**: IMDA Accreditation, IMDA Spark
- **MPA**: Maritime Sector Incentive awards, MCF-BD
- **STB**: Selected BIF/STA grantees with innovative projects
- **NTUC**: Progressive firms with Company Training Committees or government-supported programmes

MOM verifies participation directly with the relevant agency — you don't need to submit additional documentation for most programmes.

Which sector is your candidate in, and which shortage occupation are you considering?"
q-0058,hard-1,workpass_human_resource,"We're preparing to submit an EP application for a new hire. Our company's local PMET share is at the 35th percentile relative to our sector. I want to understand how many COMPASS points we'd get for that criterion, and also — before we even get to submit the application, is there any company-level financial information we need to have ready in the eService?","For the COMPASS diversity criterion on local PMET share, if your organisation's local PMET share is at the 35th percentile relative to its sector, that falls in the range of 20th to less than 50th percentile, which awards 10 points. (For reference, being at or above the 50th percentile would give 20 points, and below the 20th percentile would give 0 points.) Additionally, before you can apply for or renew a pass in the EP eService, you must provide your company's turnover information for the past 3 years.",https://www.mom.gov.sg/passes-and-permits/employment-pass/notify-mom-of-changes https://www.mom.gov.sg/passes-and-permits/employment-pass/eligibility,"Based on the COMPASS criteria, with your company's local PMET share at the **35th percentile** relative to your sector, you would score **10 points** under the C4 (Support for Local Employment) criterion.

The C4 scoring works as follows:
- **20 points**: 50th percentile and above
- **10 points**: 20th to less than 50th percentile  
- **0 points**: Below 20th percentile

Since your company is at the 35th percentile, you fall into the middle band and earn 10 points.

---

Regarding **company-level financial information** for the EP application, you need to have ready:

1. **Company's latest business profile** registered with ACRA (Accounting and Corporate Regulatory Authority)

2. **Turnover information** for the past 3 years – this must be updated in the system **before** you submit the application

These are the core company financial documents required. The ACRA business profile will show your company's registration details, and you'll need to ensure your turnover data is current in MOM's records before proceeding with the application.

Is there anything else about the COMPASS scoring or application requirements you'd like to know?",2,"Correctly identifies 10 points for the 35th percentile and mentions the 3-year turnover requirement. However, adds the ACRA business profile as a required financial document, which is not mentioned in the reference answer and may be extraneous or imprecise.",1,"USER: We're preparing to submit an EP application for a new hire. Our company's local PMET share is at the 35th percentile relative to our sector. I want to understand how many COMPASS points we'd get for that criterion, and also — before we even get to submit the application, is there any company-level financial information we need to have ready in the eService?

BOT: Based on the COMPASS criteria, with your company's local PMET share at the **35th percentile** relative to your sector, you would score **10 points** under the C4 (Support for Local Employment) criterion.

The C4 scoring works as follows:
- **20 points**: 50th percentile and above
- **10 points**: 20th to less than 50th percentile  
- **0 points**: Below 20th percentile

Since your company is at the 35th percentile, you fall into the middle band and earn 10 points.

---

Regarding **company-level financial information** for the EP application, you need to have ready:

1. **Company's latest business profile** registered with ACRA (Accounting and Corporate Regulatory Authority)

2. **Turnover information** for the past 3 years – this must be updated in the system **before** you submit the application

These are the core company financial documents required. The ACRA business profile will show your company's registration details, and you'll need to ensure your turnover data is current in MOM's records before proceeding with the application.

Is there anything else about the COMPASS scoring or application requirements you'd like to know?"
q-0059,hard-2,workpass_candidate,I'm applying for the Overseas Networks & Expertise Pass and I need to fill out the declaration form. There's a coat of arms or official emblem on the form — can you tell me what the motto or text on it says? I want to make sure I'm looking at the right official document before I sign it.,"The official emblem on the Declaration Form for the Overseas Networks & Expertise Pass is the Coat of Arms of Singapore, and the motto displayed on the ribbon banner beneath it reads 'MAJULAH SINGAPURA'.",https://www.mom.gov.sg/passes-and-permits/overseas-networks-expertise-pass/apply-for-a-pass https://www.mom.gov.sg/-/media/mom/documents/work-passes-and-permits/ove/declaration-form-for-ove.pdf,"Perfect! I can see the official ONE Pass declaration form. The coat of arms at the top of the form is Singapore's national coat of arms, and the motto on it reads:

**""MAJULAH SINGAPURA""**

This is Singapore's national motto, which means ""Onward Singapore"" in Malay. The form also displays the Ministry of Manpower logo alongside it.

You're looking at the correct official document. The declaration form is a 2-page document that you'll need to complete and submit during your pass issuance appointment (either online via EP eService if you have Singpass, or at the Employment Pass Services Centre if you don't).",3,"The chatbot correctly identified the Singapore Coat of Arms and the motto 'MAJULAH SINGAPURA', matching the reference answer, and provided helpful additional context about the document.",1,"USER: I'm applying for the Overseas Networks & Expertise Pass and I need to fill out the declaration form. There's a coat of arms or official emblem on the form — can you tell me what the motto or text on it says? I want to make sure I'm looking at the right official document before I sign it.

BOT: Perfect! I can see the official ONE Pass declaration form. The coat of arms at the top of the form is Singapore's national coat of arms, and the motto on it reads:

**""MAJULAH SINGAPURA""**

This is Singapore's national motto, which means ""Onward Singapore"" in Malay. The form also displays the Ministry of Manpower logo alongside it.

You're looking at the correct official document. The declaration form is a 2-page document that you'll need to complete and submit during your pass issuance appointment (either online via EP eService if you have Singpass, or at the Employment Pass Services Centre if you don't)."
q-0060,hard-2,workpass_human_resource,"We're about to submit an EP (Sponsorship) renewal for one of our candidates. The form asks for the company's turnover for the past 3 years — do we need to indicate whether those figures are from audited accounts, or is it just the dollar values they want?","Yes, for each of the past 3 years of turnover, the EP (Sponsorship) Renewal Form requires you to provide not only the year and the value in S$ but also to indicate whether each turnover figure is from an audited account by selecting 'Yes' or 'No'. The form specifically notes that for unaudited accounts or if the employing company is exempted from audit, you should select 'No'.",https://www.mom.gov.sg/passes-and-permits/employment-pass/renew-a-pass https://www.mom.gov.sg/-/media/mom/documents/services-forms/passes/ep_sponsor_renewal_form.pdf,"Yes, you need to indicate whether the figures are from audited accounts. 

On page 4 of the EP (Sponsorship) renewal form, the turnover section asks for three pieces of information for each of the past 3 years:

1. **Year**
2. **Value (S$)**
3. **Is the turnover figure from an audited account?** (with Yes/No options)

The form specifically notes: *""For unaudited accounts or if employing company is exempted from audit, please select 'No'.""*

So you'll need to provide both the dollar values and tick whether each year's figure comes from audited accounts.",3,"The chatbot's answer is accurate and comprehensive, covering all key points from the reference: the three required fields (year, value in S$, and audited account Yes/No), plus the specific note about selecting 'No' for unaudited or audit-exempt companies.",1,"USER: We're about to submit an EP (Sponsorship) renewal for one of our candidates. The form asks for the company's turnover for the past 3 years — do we need to indicate whether those figures are from audited accounts, or is it just the dollar values they want?

BOT: Yes, you need to indicate whether the figures are from audited accounts. 

On page 4 of the EP (Sponsorship) renewal form, the turnover section asks for three pieces of information for each of the past 3 years:

1. **Year**
2. **Value (S$)**
3. **Is the turnover figure from an audited account?** (with Yes/No options)

The form specifically notes: *""For unaudited accounts or if employing company is exempted from audit, please select 'No'.""*

So you'll need to provide both the dollar values and tick whether each year's figure comes from audited accounts."
q-0061,hard-2,workpass_candidate,I need to update my EP holder's occupation to an air-conditioning role. I'm looking at the standard occupation list from MOM — which government body published this list? I want to make sure I'm referencing the right authority when I submit the occupation change request.,"The standard occupation list is published by the Ministry of Manpower (MOM), located at 18 Havelock Road, Singapore 059764, as shown on the document header and the Ministry of Manpower logo. The list is available in EP eService and is only updated periodically. When updating a pass holder's occupation, the employer must submit a request, choose the closest match from the A-Z list of standard occupations, and for certain occupations (healthcare professionals, lawyers, football players or coaches) upload a support letter from the respective professional bodies. The outcome will be emailed within 3 weeks.",https://www.mom.gov.sg/passes-and-permits/employment-pass/notify-mom-of-changes https://www.mom.gov.sg/-/media/mom/documents/services-forms/passes/list_of_standard_occupation_j-r.pdf,"The standard occupation list you're looking at is published by **MOM (Ministry of Manpower)**.

The list is maintained by MOM's Work Pass Division and is updated periodically. It's the official reference for selecting occupations when you submit an Employment Pass application or occupation change request through EP eService.

When you submit your occupation change request, you'll select the closest match from this MOM-published list.",2,"Correctly identifies MOM as the publisher and mentions EP eService and periodic updates, but omits key details like the address, the 3-week processing time, and the requirement for support letters for certain occupations.",1,"USER: I need to update my EP holder's occupation to an air-conditioning role. I'm looking at the standard occupation list from MOM — which government body published this list? I want to make sure I'm referencing the right authority when I submit the occupation change request.

BOT: The standard occupation list you're looking at is published by **MOM (Ministry of Manpower)**.

The list is maintained by MOM's Work Pass Division and is updated periodically. It's the official reference for selecting occupations when you submit an Employment Pass application or occupation change request through EP eService.

When you submit your occupation change request, you'll select the closest match from this MOM-published list."
q-0062,hard-2,workpass_human_resource,We're putting together an EP application and trying to understand how COMPASS scoring works. Our candidate scores well on salary and qualifications but we're not sure about the firm-level criteria. Can you explain how the COMPASS points are structured — like what categories feed into the overall score and how they're grouped?,"COMPASS requires an application to earn at least 40 points to pass. The points are structured into two groups: an ""Individual score"" and a ""Firm-Related score."" The Individual score is based on candidate-specific criteria — C1 (Salary) and C2 (Qualifications) — while the Firm-Related score is based on the employer's workforce profile — C3 (Diversity) and C4 (Support for Local Employment). Each of these four foundational criteria can award 0, 10, or 20 points. In addition, there are two bonus criteria: C5 (Skills Bonus for Shortage Occupation List, worth up to 20 points) and C6 (Strategic Economic Priorities Bonus, worth 10 points). The total across all criteria must reach at least 40 points for the application to pass COMPASS.",https://www.mom.gov.sg/passes-and-permits/employment-pass/eligibility https://www.mom.gov.sg/-/media/mom/documents/work-passes-and-permits/compass/compass-booklet.pdf,"COMPASS is structured around **six criteria** that together determine whether an EP application reaches the 40-point pass mark. The criteria are grouped into three types:

**Four foundational criteria (up to 20 points each):**

**C1 – Salary:** Benchmarks the candidate's fixed monthly salary against local PMET salaries in your sector and age band. 10 points at the 65th percentile, 20 points at the 90th percentile.

**C2 – Qualifications:** Awards 20 points for a degree from a top-tier institution, 10 points for other recognised degrees, 0 points for no degree.

**C3 – Diversity:** Measures the share of the candidate's nationality among your firm's PMETs. Lower shares score higher (up to 20 points if below 5%, 10 points if 5–25%, 0 if 25% or more). Firms with fewer than 25 PMETs automatically score 10 points.

**C4 – Support for local employment:** Compares your firm's local PMET share to your sector benchmark. Higher local shares score better (20 points at or above the 50th percentile, 10 points at the 20th–50th percentile, 0 below the 20th). Firms with fewer than 25 PMETs automatically score 10 points.

**Two bonus criteria (additional points):**

**C5 – Skills bonus (Shortage Occupation List):** Awards 20 points if the candidate fills a role on the Shortage Occupation List and meets all requirements for that occupation. If the candidate's nationality forms one-third or more of your firm's PMETs, the bonus is reduced to 10 points.

**C6 – Strategic Economic Priorities bonus:** Awards 10 points if your firm participates in eligible government programmes supporting investment, innovation, internationalisation, or workforce transformation. The bonus is valid for up to three years and requires your firm to maintain at least 10 points each on C3 and C4 for renewal.

Can I help with anything else on COMPASS or your EP application?",2,"Covers all six criteria accurately with correct point values and groupings, but doesn't explicitly mention the Individual vs Firm-Related score grouping that the reference highlights as the key structural distinction.",1,"USER: We're putting together an EP application and trying to understand how COMPASS scoring works. Our candidate scores well on salary and qualifications but we're not sure about the firm-level criteria. Can you explain how the COMPASS points are structured — like what categories feed into the overall score and how they're grouped?

BOT: COMPASS is structured around **six criteria** that together determine whether an EP application reaches the 40-point pass mark. The criteria are grouped into three types:

**Four foundational criteria (up to 20 points each):**

**C1 – Salary:** Benchmarks the candidate's fixed monthly salary against local PMET salaries in your sector and age band. 10 points at the 65th percentile, 20 points at the 90th percentile.

**C2 – Qualifications:** Awards 20 points for a degree from a top-tier institution, 10 points for other recognised degrees, 0 points for no degree.

**C3 – Diversity:** Measures the share of the candidate's nationality among your firm's PMETs. Lower shares score higher (up to 20 points if below 5%, 10 points if 5–25%, 0 if 25% or more). Firms with fewer than 25 PMETs automatically score 10 points.

**C4 – Support for local employment:** Compares your firm's local PMET share to your sector benchmark. Higher local shares score better (20 points at or above the 50th percentile, 10 points at the 20th–50th percentile, 0 below the 20th). Firms with fewer than 25 PMETs automatically score 10 points.

**Two bonus criteria (additional points):**

**C5 – Skills bonus (Shortage Occupation List):** Awards 20 points if the candidate fills a role on the Shortage Occupation List and meets all requirements for that occupation. If the candidate's nationality forms one-third or more of your firm's PMETs, the bonus is reduced to 10 points.

**C6 – Strategic Economic Priorities bonus:** Awards 10 points if your firm participates in eligible government programmes supporting investment, innovation, internationalisation, or workforce transformation. The bonus is valid for up to three years and requires your firm to maintain at least 10 points each on C3 and C4 for renewal.

Can I help with anything else on COMPASS or your EP application?"
q-0063,hard-2,workpass_candidate,"My candidate graduated from a Singapore institution and we want to verify their qualification through an online portal instead of using a background screening company. I've heard there's a platform called OpenCerts that can be used. How exactly do we upload the certificate file on that platform, and what do we need to capture in the screenshot for the EP application?","On the OpenCerts platform, you can verify your candidate's certificate by dragging and dropping the opencert file into the upload area to view its contents, or by clicking the 'Select File' button to browse for the file. For Opencerts platform you do not need screenshots. ",https://www.mom.gov.sg/passes-and-permits/employment-pass/documents-required https://www.mom.gov.sg/-/media/mom/documents/work-passes-and-permits/compass/opencerts-portal-guide.pdf,"Perfect! For OpenCerts verification, here's exactly how to do it:

## How to verify and upload via OpenCerts:

**Step 1: Verify the certificate on OpenCerts**
1. Go to the OpenCerts portal (opencerts.io)
2. Upload the digital certificate file your candidate provides (drag and drop or browse)
3. Check that the certificate is verified as **authentic** — you'll see a green verification indicator showing ""Certificate issued by GOVERNMENT TECHNOLOGY AGENCY OF SINGAPORE (GOVTECH)""

**Step 2: What to capture in your screenshot**

You don't need to take a screenshot for OpenCerts — you simply **upload the verified digital certificate file itself** directly into the EP application.

The file must be:
- OpenCerts format only
- Maximum 2MB file size
- The same file that you verified on the OpenCerts portal

**Step 3: In the EP application**
1. Select your institution from the dropdown
2. Enter the qualification level and faculty
3. Under ""Verification method"", select **""Digital certificate verified through OpenCerts portal""**
4. Upload the digital certificate file

The certificate must already show as verified/authentic when you check it on OpenCerts before uploading it to the EP application.

Can I help with anything else about the EP application?",3,The chatbot correctly explains how to upload the certificate file on OpenCerts (drag and drop or browse) and accurately states that no screenshot is needed for OpenCerts verification. The additional details about the EP application process are helpful context and not misleading.,1,"USER: My candidate graduated from a Singapore institution and we want to verify their qualification through an online portal instead of using a background screening company. I've heard there's a platform called OpenCerts that can be used. How exactly do we upload the certificate file on that platform, and what do we need to capture in the screenshot for the EP application?

BOT: Perfect! For OpenCerts verification, here's exactly how to do it:

## How to verify and upload via OpenCerts:

**Step 1: Verify the certificate on OpenCerts**
1. Go to the OpenCerts portal (opencerts.io)
2. Upload the digital certificate file your candidate provides (drag and drop or browse)
3. Check that the certificate is verified as **authentic** — you'll see a green verification indicator showing ""Certificate issued by GOVERNMENT TECHNOLOGY AGENCY OF SINGAPORE (GOVTECH)""

**Step 2: What to capture in your screenshot**

You don't need to take a screenshot for OpenCerts — you simply **upload the verified digital certificate file itself** directly into the EP application.

The file must be:
- OpenCerts format only
- Maximum 2MB file size
- The same file that you verified on the OpenCerts portal

**Step 3: In the EP application**
1. Select your institution from the dropdown
2. Enter the qualification level and faculty
3. Under ""Verification method"", select **""Digital certificate verified through OpenCerts portal""**
4. Upload the digital certificate file

The certificate must already show as verified/authentic when you check it on OpenCerts before uploading it to the EP application.

Can I help with anything else about the EP application?"
q-0064,hard-2,workpass_human_resource,"We're putting together an EP application for a candidate who'll be working as a Novel Food Biotechnologist at an agritech firm. The candidate doesn't have a Bachelor's degree in the listed faculties, so we're going the work experience route instead. Can you confirm how many years of relevant experience are needed and which job titles count for that experience requirement?","For a Novel Food Biotechnologist role on the SOL, if the candidate does not hold at least a Bachelor's degree in Bioengineering, Biomedical Sciences, Biomolecular Engineering, Chemical Engineering, Food Engineering, Food Science, or Nutrition, they must have a minimum total of three years' work experience in at least one of the following job titles: Bioprocess engineer, Food and drink technologist, Food processing engineer, Food processing technician, Food production manager, Food production technician, Food science technician, Manufacturing engineer, Novel food biotechnologist, Process engineer, or Production engineer. Additionally, the candidate must be from a firm involved in the Agritech space, which MOM verifies directly with EDB and EnterpriseSG (no additional documentation required). The supporting agency is EDB. This SOL applies to new and renewal EP applications from 1 January 2026.",https://www.mom.gov.sg/passes-and-permits/employment-pass/eligibility/compass-c5-skills-bonus-shortage-occupation-list-sol https://www.mom.gov.sg/-/media/mom/documents/work-passes-and-permits/compass/sol-guidebook.pdf,"Based on the guidance I have in front of me, for a Novel Food Biotechnologist role at an agritech firm where the candidate **does not have an acceptable Bachelor's degree**, here's what you need:

## Work Experience Requirement

**Minimum of 3 years' total work experience** in at least one of these qualifying job titles:

- Bioprocess engineer
- Food and drink technologist
- Food processing engineer
- Food processing technician
- Food production manager
- Food production technician
- Food science technician
- Manufacturing engineer
- **Novel food biotechnologist**
- Process engineer
- Production engineer

## How This Works

The Novel Food Biotechnologist occupation on the Shortage Occupation List has two pathways:

**Pathway 1 (Qualifications route):** At least a Bachelor's degree in Bioengineering, Biomedical Sciences, Biomolecular Engineering, Chemical Engineering, Food Engineering, Food Science, or Nutrition

**Pathway 2 (Work experience route):** Minimum 3 years' total work experience in the job titles listed above

Since your candidate is going the work experience route, you'll need to select the relevant prior job titles in the work experience section of the EP application form.

The candidate must also be from a firm involved in the Agritech space (which MOM verifies directly with EDB/EnterpriseSG), and must be performing the key job duties for Novel Food Biotechnologist as defined in the SOL.",3,"The chatbot's answer accurately covers all essential information: 3 years of work experience required, the complete list of qualifying job titles, the acceptable degree fields for the alternative pathway, the agritech firm requirement verified by EDB/EnterpriseSG, and correctly identifies this as a Shortage Occupation List role. The response is comprehensive and matches the reference answer.",1,"USER: We're putting together an EP application for a candidate who'll be working as a Novel Food Biotechnologist at an agritech firm. The candidate doesn't have a Bachelor's degree in the listed faculties, so we're going the work experience route instead. Can you confirm how many years of relevant experience are needed and which job titles count for that experience requirement?

BOT: Based on the guidance I have in front of me, for a Novel Food Biotechnologist role at an agritech firm where the candidate **does not have an acceptable Bachelor's degree**, here's what you need:

## Work Experience Requirement

**Minimum of 3 years' total work experience** in at least one of these qualifying job titles:

- Bioprocess engineer
- Food and drink technologist
- Food processing engineer
- Food processing technician
- Food production manager
- Food production technician
- Food science technician
- Manufacturing engineer
- **Novel food biotechnologist**
- Process engineer
- Production engineer

## How This Works

The Novel Food Biotechnologist occupation on the Shortage Occupation List has two pathways:

**Pathway 1 (Qualifications route):** At least a Bachelor's degree in Bioengineering, Biomedical Sciences, Biomolecular Engineering, Chemical Engineering, Food Engineering, Food Science, or Nutrition

**Pathway 2 (Work experience route):** Minimum 3 years' total work experience in the job titles listed above

Since your candidate is going the work experience route, you'll need to select the relevant prior job titles in the work experience section of the EP application form.

The candidate must also be from a firm involved in the Agritech space (which MOM verifies directly with EDB/EnterpriseSG), and must be performing the key job duties for Novel Food Biotechnologist as defined in the SOL."
q-0065,hard-2,workpass_candidate,"We posted a job ad on MyCareersFuture in early January and closed it after 30 days, so around early February. How soon after posting can we submit the EP application, and what's the deadline for using that same job ad?","You can submit the EP or S Pass application at the earliest 15 days after posting the job ad. Once the job ad closes (in this example, after 30 days around early February), you have 3 months from the closing date to submit the EP or S Pass application using that job ad. After that 3-month window (in this example, around early May), the advertisement can no longer be used and you would need to post a new one. Additionally, the job ad must be open for at least 14 consecutive days before you can submit the application.",https://www.mom.gov.sg/passes-and-permits/employment-pass https://www.mom.gov.sg/-/media/mom/documents/work-passes-and-permits/fcf-ep-application-date.png,"Based on your situation, here's the timing:

**Earliest application date:** You can submit the EP application **15 days after posting** the job ad (so mid-January in your case).

**Deadline for using the ad:** You have **3 months from when the ad closed** to submit the EP application. Since you closed it in early February, your deadline is early May.

The key rule is that job advertisements that have closed for more than 3 months cannot be used for EP applications. The 3-month clock starts from when you closed the ad, not when you posted it.

So in your timeline:
- Posted: early January
- Closed: early February (after 30 days)
- Deadline to use this ad: early May (3 months from closure)

If you've already passed early May, you'll need to post a new job advertisement and keep it open for at least 14 consecutive days before applying.",3,"The chatbot correctly states the 15-day minimum after posting, the 3-month deadline from closure, and mentions the 14-day consecutive requirement. All key points from the reference are covered accurately.",1,"USER: We posted a job ad on MyCareersFuture in early January and closed it after 30 days, so around early February. How soon after posting can we submit the EP application, and what's the deadline for using that same job ad?

BOT: Based on your situation, here's the timing:

**Earliest application date:** You can submit the EP application **15 days after posting** the job ad (so mid-January in your case).

**Deadline for using the ad:** You have **3 months from when the ad closed** to submit the EP application. Since you closed it in early February, your deadline is early May.

The key rule is that job advertisements that have closed for more than 3 months cannot be used for EP applications. The 3-month clock starts from when you closed the ad, not when you posted it.

So in your timeline:
- Posted: early January
- Closed: early February (after 30 days)
- Deadline to use this ad: early May (3 months from closure)

If you've already passed early May, you'll need to post a new job advertisement and keep it open for at least 14 consecutive days before applying."
q-0066,hard-2,workpass_human_resource,"We're putting together an EP application for a candidate age 30 who'll be joining our fund management firm. I want to know the minimum fixed monthly salary needed to score 10 points under the COMPASS C1 salary criterion. Also, what salary would get us the full 20 points? And just to confirm — which government body publishes these benchmarks?","For the Fund Management Activities & Activities Auxiliary to Financial Services sector, a candidate aged 30 needs a fixed monthly salary of at least $13,030 to score 10 points under C1 (meeting the 65th percentile of local PMET salaries), and at least $21,401 to score 20 points (meeting the 90th percentile of local PMET salaries). These benchmarks are from the release dated August 2025 and are derived from MOM's Manpower Research and Statistics Department's (MRSD) annual Comprehensive Labour Force Survey. The required salary increases progressively with age, from age 23 up to age 45. For this sector, the range starts at $8,917 (10 points) / $12,474 (20 points) for candidates aged 23 or below, and goes up to $21,845 (10 points) / $40,530 (20 points) for candidates aged 45 or above. The benchmarks are published by the Ministry of Manpower (MOM). Note that candidates who do not meet the EP qualifying salary will not be eligible for an EP regardless of COMPASS points, and EP candidates earning at least $22,500 in fixed monthly salary are exempted from COMPASS entirely.",https://www.mom.gov.sg/passes-and-permits/employment-pass/eligibility/compass-c1-salary-benchmarks https://www.mom.gov.sg/-/media/mom/documents/work-passes-and-permits/compass/c1-salary-benchmarks.pdf,"For a 30-year-old candidate joining your fund management firm, the COMPASS C1 salary benchmarks are:

- **10 points (65th percentile):** $13,030 fixed monthly salary
- **20 points (90th percentile):** $21,401 fixed monthly salary

These benchmarks are derived from **MOM's Manpower Research and Statistics Department (MRSD)** through their annual Comprehensive Labour Force Survey. The benchmarks are updated once a year to reflect current market conditions.

Note that these figures apply to the ""Fund Management Activities & Activities Auxiliary to Financial Services"" sector classification. If you need to confirm your company's sector classification, you can check that online through MOM's system.",3,"The chatbot provided the correct salary thresholds ($13,030 for 10 points, $21,401 for 20 points), correctly identified the sector, and accurately attributed the benchmarks to MOM's MRSD and their annual Comprehensive Labour Force Survey. All key information requested was covered accurately.",1,"USER: We're putting together an EP application for a candidate age 30 who'll be joining our fund management firm. I want to know the minimum fixed monthly salary needed to score 10 points under the COMPASS C1 salary criterion. Also, what salary would get us the full 20 points? And just to confirm — which government body publishes these benchmarks?

BOT: For a 30-year-old candidate joining your fund management firm, the COMPASS C1 salary benchmarks are:

- **10 points (65th percentile):** $13,030 fixed monthly salary
- **20 points (90th percentile):** $21,401 fixed monthly salary

These benchmarks are derived from **MOM's Manpower Research and Statistics Department (MRSD)** through their annual Comprehensive Labour Force Survey. The benchmarks are updated once a year to reflect current market conditions.

Note that these figures apply to the ""Fund Management Activities & Activities Auxiliary to Financial Services"" sector classification. If you need to confirm your company's sector classification, you can check that online through MOM's system."
q-0067,hard-2,workpass_candidate,I'm about to apply for an Employment Pass for a candidate we're hiring. I want to make sure I'm submitting through the right government body — which ministry handles EP applications in Singapore?,"Employment Pass applications in Singapore are handled by the Ministry of Manpower (MOM). The application fee is $105, and for Singapore-registered companies, applications are processed or given an update within 10 business days. For overseas companies without a Singapore-registered company, processing takes within 6 weeks for most cases.",https://www.mom.gov.sg/passes-and-permits/employment-pass/apply-for-a-pass https://www.mom.gov.sg/-/media/mom/documents/services-forms/passes/ep_sponsor_form8.pdf,"The Ministry of Manpower (MOM) handles Employment Pass applications in Singapore. You submit your application through MOM's EP eService online.

The application is processed within 10 business days for most cases. You'll pay a $105 application fee when you submit, and once approved, you'll receive an In-Principle Approval (IPA) letter. The IPA is valid for 6 months as a single-entry visa for your candidate to enter Singapore and get the pass issued.

Is there anything else about the EP application process you'd like to know?",2,"Correctly identifies MOM, mentions $105 fee and 10 business days processing, but omits the distinction that 10 days applies to Singapore-registered companies while overseas companies take up to 6 weeks. Adds extra detail about IPA that wasn't asked.",1,"USER: I'm about to apply for an Employment Pass for a candidate we're hiring. I want to make sure I'm submitting through the right government body — which ministry handles EP applications in Singapore?

BOT: The Ministry of Manpower (MOM) handles Employment Pass applications in Singapore. You submit your application through MOM's EP eService online.

The application is processed within 10 business days for most cases. You'll pay a $105 application fee when you submit, and once approved, you'll receive an In-Principle Approval (IPA) letter. The IPA is valid for 6 months as a single-entry visa for your candidate to enter Singapore and get the pass issued.

Is there anything else about the EP application process you'd like to know?"
q-0068,hard-2,workpass_human_resource,"We're preparing a Letter of Consent application for a common-law spouse holding an LTVP under an ONE Pass holder. The applicant will be partially paid by both a local and an overseas employer. When filling in the salary section of the LOC form, how exactly does MOM define 'fixed monthly salary', and what happens if the fixed monthly salary amount we declare is higher than the basic monthly salary?","According to the LOC (Common-Law Spouse) Application Form, fixed monthly salary is defined as basic monthly salary plus fixed monthly allowances. For example, S$5,000 fixed monthly salary = S$4,500 basic monthly salary + S$500 fixed monthly allowances. MOM will use the fixed monthly salary to assess the application. If the amount indicated as fixed monthly salary is more than the basic monthly salary, MOM will take the difference as the 'fixed monthly allowances'. If there are no fixed monthly allowances, the amount of fixed monthly salary should be exactly the same as the basic monthly salary. For the salary payable by, there are three options: 'Local' (paid by a Singapore-registered employer or paid by an overseas employer which is then charged fully to a Singapore-registered employer), 'Overseas' (employer is not registered in Singapore or is a representative office registered with Enterprise Singapore), or 'Both local and overseas' (partially paid by both local and overseas employer).",https://www.mom.gov.sg/passes-and-permits/overseas-networks-expertise-pass/passes-for-families/long-term-visit-pass-for-overseas-networks-expertise-pass/working-in-singapore https://www.mom.gov.sg/-/media/mom/documents/services-forms/passes/loc_cls_application_form.pdf,"Based on the LOC application form and MOM's guidance, here's how to handle the salary section:

## Definition of Fixed Monthly Salary

**Fixed monthly salary = Basic monthly salary + Fixed monthly allowances**

- **Basic monthly salary**: Payment that does not vary month to month, regardless of employee or company performance, and regardless of whether the employee takes medical or personal leave.

- **Fixed monthly allowances**: Monthly allowances that do not vary month to month (e.g., fixed food and housing allowances).

## What Happens If Fixed Monthly Salary Exceeds Basic Monthly Salary

The form explicitly states:

> ""Ministry of Manpower (MOM) will use the fixed monthly salary to assess the application. **If the amount indicated as fixed monthly salary is more than the basic monthly salary, MOM will take the difference as the 'fixed monthly allowances'.**""

So if you declare:
- Fixed monthly salary: S$5,000
- Basic monthly salary: S$4,500

MOM will automatically interpret the S$500 difference as fixed monthly allowances.

## Important Points for Your Situation

1. **Both local and overseas payment**: You've indicated the salary is ""Partially paid by both Local and Overseas Employer"" — ensure the total fixed monthly salary you declare reflects the combined amount from both sources.

2. **Fixed allowances should be genuine**: The difference between fixed monthly salary and basic monthly salary should represent actual fixed monthly allowances. MOM may reject applications where fixed allowances make up a disproportionately large portion of the total, as these should typically be included in the basic monthly salary instead.

3. **Assessment basis**: MOM will use the fixed monthly salary (the higher figure) to assess the LOC application.

Can I help with anything else regarding the LOC application?",3,"The chatbot accurately defines fixed monthly salary as basic monthly salary plus fixed monthly allowances, correctly explains that MOM will interpret the difference as fixed monthly allowances, and addresses the local/overseas payment scenario. The answer is comprehensive and substantively equivalent to the reference.",1,"USER: We're preparing a Letter of Consent application for a common-law spouse holding an LTVP under an ONE Pass holder. The applicant will be partially paid by both a local and an overseas employer. When filling in the salary section of the LOC form, how exactly does MOM define 'fixed monthly salary', and what happens if the fixed monthly salary amount we declare is higher than the basic monthly salary?

BOT: Based on the LOC application form and MOM's guidance, here's how to handle the salary section:

## Definition of Fixed Monthly Salary

**Fixed monthly salary = Basic monthly salary + Fixed monthly allowances**

- **Basic monthly salary**: Payment that does not vary month to month, regardless of employee or company performance, and regardless of whether the employee takes medical or personal leave.

- **Fixed monthly allowances**: Monthly allowances that do not vary month to month (e.g., fixed food and housing allowances).

## What Happens If Fixed Monthly Salary Exceeds Basic Monthly Salary

The form explicitly states:

> ""Ministry of Manpower (MOM) will use the fixed monthly salary to assess the application. **If the amount indicated as fixed monthly salary is more than the basic monthly salary, MOM will take the difference as the 'fixed monthly allowances'.**""

So if you declare:
- Fixed monthly salary: S$5,000
- Basic monthly salary: S$4,500

MOM will automatically interpret the S$500 difference as fixed monthly allowances.

## Important Points for Your Situation

1. **Both local and overseas payment**: You've indicated the salary is ""Partially paid by both Local and Overseas Employer"" — ensure the total fixed monthly salary you declare reflects the combined amount from both sources.

2. **Fixed allowances should be genuine**: The difference between fixed monthly salary and basic monthly salary should represent actual fixed monthly allowances. MOM may reject applications where fixed allowances make up a disproportionately large portion of the total, as these should typically be included in the basic monthly salary instead.

3. **Assessment basis**: MOM will use the fixed monthly salary (the higher figure) to assess the LOC application.

Can I help with anything else regarding the LOC application?"
