question_id,kind,persona,question,expected_answer,source,actual_answer,score,remark
q-0001,simple,workpass_candidate,"I have an Overseas Networks & Expertise Pass and I just moved to a new apartment last week. How soon do I need to update MOM with my new address, and how do I do it?","You need to update MOM within 2 weeks of changing your residential address. Otherwise, you may be penalised. To update: (1) Ensure that your new address meets the relevant housing requirements. (2) Log in to EP eService to update your address. The update is immediate. (3) Print the acknowledgement page and keep it with your pass card.",https://www.mom.gov.sg/passes-and-permits/overseas-networks-expertise-pass/notify-mom,"You need to update MOM **within 2 weeks** of changing your residential address [source: www.mom.gov.sg/passes-and-permits/overseas-networks-expertise-pass/notify-mom/index.md]. Since you moved last week, you still have time, but should do this promptly to avoid penalties.

**How to update:**

1. Ensure your new address meets the relevant [housing requirements](https://www.mom.gov.sg/passes-and-permits/work-permit-for-foreign-worker/housing/various-types-of-housing)
2. Log in to [EP eService](https://www.mom.gov.sg/eservices/services/employment-pass-eservice) using your Singpass to update your address—the update is immediate
3. Print the acknowledgement page and keep it with your pass card [source: www.mom.gov.sg/passes-and-permits/overseas-networks-expertise-pass/notify-mom/index.md]",3,"The answer correctly states the 2-week deadline, the penalty warning, and all three steps (housing requirements, EP eService login, print acknowledgement). It matches the reference answer substantively with helpful additional context."
q-0002,simple,workpass_human_resource,"We have an EP holder on an EP (Sponsorship) whose pass is expiring soon. I want to make sure I submit the renewal in time — how early can I start the renewal, and how long should I expect processing to take? Also, once we get the IPA letter, how long is it valid for?","For EP (Sponsorship), you can start applying to renew 3 months before the pass expires (as opposed to the standard EP, which allows renewal up to 6 months / 180 days before expiry). You must apply before the expiry date. Processing time for EP (Sponsorship) renewals is within 6 weeks for most cases (the renewal form itself states around 8 weeks). Once the renewal is approved, you will receive an in-principle approval (IPA) letter that is valid for 3 months. You must get the pass issued before the IPA or the current pass expires, whichever occurs first — otherwise an overstaying fine will be imposed. The duration of the renewed pass will start when the current pass expires. Any remaining validity from the current pass (up to six months) is added on to the renewal, so renewing early does not reduce or lose validity. The renewed pass can be granted for up to 3 years.",https://www.mom.gov.sg/passes-and-permits/employment-pass/renew-a-pass,"For EP (Sponsorship) renewal, here's the timeline you need to know:

**When you can start renewing:**
You can begin applying to renew **3 months before the pass expires** [source: www.mom.gov.sg/passes-and-permits/employment-pass/renew-a-pass/index.md].

**Processing time:**
It takes around **8 weeks to process the renewal application** [source: www.mom.gov.sg/passes-and-permits/employment-pass/renew-a-pass/ep_sponsor_renewal_form.md]. For most cases, you can expect a decision **within 6 weeks** [source: www.mom.gov.sg/passes-and-permits/employment-pass/renew-a-pass/index.md].

**IPA letter validity:**
Once your renewal is successful, you'll receive an in-principle approval (IPA) letter that is valid for **3 months** [source: www.mom.gov.sg/passes-and-permits/employment-pass/renew-a-pass/index.md]. You must get the pass issued before the IPA or current pass expires, whichever comes first, to avoid an overstaying fine.",3,"The chatbot accurately covers all key points: 3-month early renewal window, processing time of 6-8 weeks, 3-month IPA validity, and the requirement to issue before IPA or current pass expires to avoid overstaying fine. The answer is substantively equivalent to the reference."
q-0003,simple,workpass_candidate,I'm looking into the Employment Pass for a candidate we want to hire in Singapore. What's the minimum salary needed to qualify? ,"The qualifying salary for an Employment Pass is a fixed monthly salary comparable to the top one-third of local PMET salaries. It starts from $5,600 and increases progressively with age, up to $10,700 for candidates in their mid-40s. Candidates in the financial services sector need higher salaries than these amounts to qualify. The actual value varies with age and sector of employment. ",https://www.mom.gov.sg/passes-and-permits/employment-pass/key-facts,"The minimum salary needed to qualify for an Employment Pass depends on the candidate's age and sector [source: www.mom.gov.sg/passes-and-permits/employment-pass/eligibility/index.md]:

**For most sectors (except financial services):**
- Current requirement: $5,600 minimum (increasing progressively with age to $10,700 at age 45+)
- From 1 January 2027: $6,000 minimum (increasing to $11,500 at age 45+)

**For the financial services sector:**
- Current requirement: $6,200 minimum (increasing to $11,800 at age 45+)
- From 1 January 2027: $6,600 minimum (increasing to $12,700 at age 45+)

This qualifying salary is the first stage of eligibility. Even if a candidate meets this salary requirement, they must also pass the second stage—the points-based COMPASS assessment—to be approved for the Employment Pass [source: www.mom.gov.sg/passes-and-permits/employment-pass/eligibility/index.md].",3,"The chatbot's answer is accurate and comprehensive, covering the minimum salary ($5,600), progressive increase with age (up to $10,700 at 45+), and higher requirements for financial services sector. It also provides additional useful information about future requirements and the COMPASS assessment."
q-0004,simple,workpass_human_resource,"We have a candidate who's been approved for an ONE Pass. His common-law partner wants to come along and eventually work here. What type of pass does the common-law spouse get, and can they work in Singapore on that pass?",A common-law spouse (defined as a common-law relationship between 2 people that is recognised under the laws of their country or region) of an Overseas Networks & Expertise Pass holder is eligible for a Long-Term Visit Pass (LTVP). Common-law spouses on LTVP can apply for a Letter of Consent (LOC) to work in Singapore.,https://www.mom.gov.sg/passes-and-permits/overseas-networks-expertise-pass/passes-for-families,"Based on the knowledge base, here's what applies to your candidate's common-law partner:

**Pass type:** The common-law spouse can obtain a [Long-Term Visit Pass (LTVP)](https://www.mom.gov.sg/passes-and-permits/overseas-networks-expertise-pass/passes-for-families/long-term-visit-pass-for-overseas-networks-expertise-pass/index.md) [source: www.mom.gov.sg/passes-and-permits/overseas-networks-expertise-pass/passes-for-families/index.md].

**Working in Singapore:** Yes, common-law spouses holding an LTVP can work in Singapore by applying for a [Letter of Consent (LOC)](https://www.mom.gov.sg/passes-and-permits/overseas-networks-expertise-pass/passes-for-families/long-term-visit-pass-for-overseas-networks-expertise-pass/working-in-singapore/index.md). The application is free and typically takes up to 4 weeks to process [source: www.mom.gov.sg/passes-and-permits/overseas-networks-expertise-pass/passes-for-families/long-term-visit-pass-for-overseas-networks-expertise-pass/working-in-singapore/index.md].

**Timing note:** The knowledge base recommends applying for family passes once the ONE Pass is approved, since LTVP applications take 4 weeks to process [source: www.mom.gov.sg/passes-and-permits/overseas-networks-expertise-pass/passes-for-families/index.md].",3,"The chatbot correctly identifies LTVP as the pass type for common-law spouses of ONE Pass holders and confirms they can work via Letter of Consent (LOC), matching the reference answer with additional helpful details about processing time and timing recommendations."
q-0005,simple,workpass_candidate,"I'm an employer planning to apply for an Employment Pass for a candidate. How long does it take to process the application, and how much is the application fee?","The processing time and fee depend on whether the employer has a Singapore-registered company or not. For employers with a Singapore-registered company applying online via the EP eService, the application is processed or given an update within 10 business days, and the application fee is $105, payable by GIRO, Visa, Mastercard, or Amex. For overseas companies without a Singapore-registered company (sponsorship cases), a local sponsor must submit the application, the processing time is within 6 weeks for most cases (some cases may take longer), and the application fee is also $105, payable by PayNow, Visa, Mastercard, or Amex. In either case, if additional information or documents are required, the processing time may take longer than the stated timeframes.",https://www.mom.gov.sg/passes-and-permits/employment-pass/apply-for-a-pass,"Based on the Employment Pass application process [source: www.mom.gov.sg/passes-and-permits/employment-pass/apply-for-a-pass/index.md]:

**Processing time:**
- If you apply online: Processed or given an update within **10 business days**
- For overseas companies without a Singapore-registered company: within **6 weeks** for most cases

**Application fee:**
- **$105**, payable by GIRO, Visa, Mastercard, or Amex

Note that you can check your application status online after 10 business days (or 6 weeks for overseas companies). If additional documents are required, your processing time may extend beyond these timeframes.",2,"Covers key points (10 business days for online, 6 weeks for overseas, $105 fee, longer if additional docs needed) but omits that overseas companies pay via PayNow instead of GIRO, and doesn't mention the local sponsor requirement for sponsorship cases."
q-0006,simple,workpass_human_resource,"We have a candidate who wants to apply for the ONE Pass, but our company is not publicly listed. Can we use our company valuation to qualify as an established company, or is there another way for non-listed companies to meet the criteria?","No, company valuation is not accepted as an alternative to market capitalisation. Non-publicly listed companies must meet the annual revenue criterion of at least US$200 million to be considered established companies, as they do not have market capitalisation. If the prospective employer does not meet the established company criteria, the candidate may still apply for the Overseas Networks & Expertise Pass after earning a fixed monthly salary of at least S$30,000 for the 12 consecutive months leading up to the date of application. Alternatively, the candidate may apply for another work pass such as the Employment Pass, Personalised Employment Pass, EntrePass, or Tech.Pass.",https://www.mom.gov.sg/faq/one-pass,"Based on the knowledge base, non-listed companies cannot use company valuation to meet the ""established company"" criteria for the ONE Pass (Overseas Networks & Expertise Pass). [source: www.mom.gov.sg/passes-and-permits/overseas-networks-expertise-pass/eligibility.md]

For a company to be considered established, it must have **at least one of the following**:
- Market capitalisation of at least US$500 million, or
- Annual revenue of at least US$200 million

[source: www.mom.gov.sg/passes-and-permits/overseas-networks-expertise-pass/eligibility.md]

However, there is an alternative path: if your company does not meet these criteria, your candidate can **re-apply for the ONE Pass after earning a fixed monthly salary of at least S$30,000 for 12 consecutive months** with your company. [source: www.mom.gov.sg/passes-and-permits/overseas-networks-expertise-pass/faq/one-pass/does-my-prospective-employer-need-to-meet-the-criteria-for-an-established-company.md]

Alternatively, your candidate may be eligible for other work passes such as the Employment Pass, Personalised Employment Pass, EntrePass, or Tech.Pass. [source: www.mom.gov.sg/passes-and-permits/overseas-networks-expertise-pass/faq/one-pass/does-my-prospective-employer-need-to-meet-the-criteria-for-an-established-company.md]",3,"The chatbot correctly states that company valuation cannot be used, explains that non-listed companies must meet the US$200 million annual revenue criterion, provides the alternative path of earning S$30,000 for 12 consecutive months, and mentions other work pass options—all matching the reference answer."
q-0007,simple,workpass_candidate,"We're applying for an Employment Pass for a candidate whose qualification verification through a background screening company has been pending for over two weeks. The candidate's university is one of the institutions listed in the application form's drop-down list. Do we have to wait for the verification to come back before we can submit the EP application, or is there some workaround?","If your verification is still pending after 14 working days and your awarding institution is from the application form's drop-down list of accredited institutions, you can submit the receipt for the verification service in lieu of the verification proof in the work pass application. Once the work pass application is approved, you can bring in the candidate and get their pass issued. You do not need to submit the verification proof to MOM after that. However, if the qualification is found to be false, the work pass will be revoked and the candidate must leave Singapore.",https://www.mom.gov.sg/passes-and-permits/employment-pass/documents-required,"You don't have to wait for the verification to come back. Since your candidate's institution is listed in the application form's drop-down list of accredited institutions, you can submit a **receipt for the verification service in lieu of the verification proof** if verification is still pending after 14 working days [source: www.mom.gov.sg/passes-and-permits/employment-pass/documents-required/bsc-guide.md § Page 2].

Here's what happens next: once your EP application is approved, you can bring in the candidate and get their pass issued without needing to submit the full verification proof. However, there's an important caveat—if the qualification is later found to be false, the work pass will be revoked and the candidate must leave Singapore [source: www.mom.gov.sg/passes-and-permits/employment-pass/documents-required/bsc-guide.md § Page 2].",3,"The chatbot's answer covers all key points from the reference: the 14 working days threshold, submitting the receipt in lieu of verification proof when the institution is on the drop-down list, no need to submit verification proof after approval, and the caveat about revocation if the qualification is found false."
q-0008,simple,workpass_human_resource,"We have a candidate who earned S$30,000/month overseas for the past 12 months at a company with annual revenue of US$180 million and market cap of US$450 million. The company's global offices combined have annual revenue exceeding US$200 million though. Does the company qualify as established, and what documents do we need to submit for this candidate?","For a company to be considered established, it must have at least one of the following: market capitalisation of at least US$500 million, or annual revenue of at least US$200 million. Combined amounts from the entire global office can also be considered and will be assessed on a case-by-case basis. So while the individual office does not meet either threshold on its own, the combined global revenue exceeding US$200 million may qualify, but this will be assessed case-by-case by MOM.

For a candidate whose current or last held employment was overseas, the following documents are required:
1. Passport page (including any amendments). If the candidate's name in their passport differs from their name in other documents, an explanation letter and supporting documents such as a deed poll are also needed.
2. Monthly payslips for the 12 consecutive months leading up to the date of application.
3. Employment verification proof from a background screening company.
4. Documents supporting other income sources other than fixed monthly salary (if applicable).
5. Latest financial information of the candidate's employer obtained within the last 3 months, including documents indicating the latest market capitalisation or annual company revenue. If this information is not available, the company's latest audited Profit & Loss statements may be provided instead. MOM will only consider documents from third party auditors; documents signed by the company's management staff will not be accepted.

Additionally, if the candidate drew salaries from more than one employer in the 12 consecutive months leading up to the date of application, the qualifying fixed monthly salary of at least S$30,000 (or its equivalent in foreign currency) should come from one employer only. Other sources of income may be considered on a case-by-case basis.",https://www.mom.gov.sg/passes-and-permits/overseas-networks-expertise-pass,"Based on the information provided, **the company does not qualify as established** under the standard criteria. [source: www.mom.gov.sg/passes-and-permits/overseas-networks-expertise-pass/eligibility.md]

For a company to be considered established, it must have at least one of the following:
- Market capitalisation of at least US$500 million, or
- Annual revenue of at least US$200 million

Your candidate's employer has a market cap of US$450 million (below the US$500 million threshold) and annual revenue of US$180 million (below the US$200 million threshold). While the combined global offices exceed US$200 million in annual revenue, the knowledge base states this ""will be assessed on a case-by-case basis,"" but does not confirm it automatically qualifies. [source: www.mom.gov.sg/passes-and-permits/overseas-networks-expertise-pass/eligibility.md]

**For documents**, since the candidate earned S$30,000/month overseas for 12 consecutive months, you would need to submit: [source: www.mom.gov.sg/passes-and-permits/overseas-networks-expertise-pass/documents-required.md]

- Monthly payslips for the 12 consecutive months leading up to application
- Employment verification proof from a background screening company
- Latest financial information of the employer (within last 3 months), including market capitalisation or annual revenue documents
- Documents supporting any other income sources (if applicable)
- Passport page

I recommend contacting MOM directly to clarify whether the combined global revenue of US$200+ million would qualify this company as established.",2,"Correctly explains the established company criteria and case-by-case assessment for combined global revenue. Lists most required documents but omits the detail about explanation letters for name discrepancies, the note about third-party auditors vs management-signed documents, and the rule about qualifying salary coming from one employer only."
q-0009,simple,workpass_candidate,"We want to appoint an EP holder from another company to our Board of Directors. How long does the approval process take, what documents do we need, and how long is the approval valid for?","The process takes within 5 weeks. The document required is the Employment Pass holder's appointment letter to take up directorship. The validity of the Letter of Consent (LOC) is up to the expiry or cancellation date of the EP holder's current Employment Pass. When the EP is successfully renewed, you need to apply for a new LOC.",https://www.mom.gov.sg/passes-and-permits/employment-pass/taking-up-secondary-directorship,"To appoint an Employment Pass holder from another company to your Board of Directors, here's what you need to know [source: www.mom.gov.sg/passes-and-permits/employment-pass/taking-up-secondary-directorship/index.md]:

**Processing time:** Within 5 weeks.

**Documents required:** The Employment Pass holder's appointment letter to take up directorship.

**Validity:** The approval is valid up to the expiry or cancellation date of the current EP.

Note that you'll need to apply for a Letter of Consent (LOC) from MOM, and the approval is generally granted only if your company is related by shareholding to the EP holder's employer (as reflected in ACRA records) and the secondary directorship is related to their primary employment role.",3,"The chatbot accurately provided all key information: 5 weeks processing time, appointment letter as required document, and validity tied to EP expiry/cancellation. It also correctly mentioned the LOC requirement and added relevant context about eligibility conditions."
q-0010,simple,workpass_human_resource,We're looking to hire a carbon credit trader and want to claim the COMPASS C5 Skills Bonus. What are the eligibility requirements for the candidate under the SOL for that role?,"For the carbon credit trader/broker role on the SOL, the candidate must minimally meet both criteria (1) and (2): (1) Minimum total three years' work experience in carbon markets or carbon credit-related fields. (2) At least a degree-equivalent qualification (i.e. score 10 points on COMPASS C2. Qualifications criteria). Enterprise Singapore (EnterpriseSG) will assess all applications that meet these criteria and may contact employers for a business profile, including details on their carbon trading business. The supporting agency is EnterpriseSG. Note that the job duties for this role include trading or brokering carbon credits, originating and structuring carbon credit deals, facilitating transactions between buyers and sellers of carbon credits, and performing carbon market research and analysis on topics such as different types of carbon credits and their attributes, quality of carbon credits (e.g. Core Carbon Principles and Assessment Framework), factors that affect price dynamics in over-the-counter markets or exchanges, and international regulations and policies regarding carbon markets (e.g. Paris Agreement Article 6) as well as global and national compliance schemes and their evolving regulations (e.g. Australia, China, EU ETS). Additionally, the candidate needs to perform the job duties listed for the specific shortage occupation, meet the additional requirements as stated in the SOL Employer Guide, and you need to select the shortage occupation in the EP application. The candidate should select one of the eligible job titles in the EP application form, which must be the same as the occupation for the job advertisement in MyCareersFuture (unless exempted from the FCF job advertising requirement). This SOL was released in November 2025 and applies to new and renewal EP applications from 1 January 2026.",https://www.mom.gov.sg/passes-and-permits/employment-pass/eligibility/compass-c5-skills-bonus-shortage-occupation-list-sol,"To claim the COMPASS C5 Skills Bonus for a carbon credit trader role, your candidate must meet the following eligibility requirements [source: www.mom.gov.sg/passes-and-permits/employment-pass/eligibility/compass-c5-skills-bonus-shortage-occupation-list-sol/index.md]:

**Job Duties:**
Your candidate must perform the key job duties for this shortage occupation, which include:
- Trading or brokering carbon credits
- Originating and structuring carbon credit deals
- Facilitating transactions between buyers and sellers of carbon credits
- Performing carbon market research and analysis on carbon credit types, quality, price dynamics, and international regulations [source: www.mom.gov.sg/passes-and-permits/employment-pass/eligibility/compass-c5-skills-bonus-shortage-occupation-list-sol/index.md § Carbon standards and methodology analyst]

**Additional Requirements:**
Your candidate must minimally meet **both** of the following criteria:
1. Minimum total of three years' work experience in carbon markets or carbon credit-related fields
2. At least a degree-equivalent qualification (scoring 10 points on COMPASS C2 Qualifications criteria) [source: www.mom.gov.sg/passes-and-permits/employment-pass/eligibility/compass-c5-skills-bonus-shortage-occupation-list-sol/index.md § Carbon standards and methodology analyst]

Note that Enterprise Singapore (EnterpriseSG) will assess applications meeting these criteria and may contact you for a business profile, including details on your carbon trading business.",2,"Covers the key eligibility criteria (3 years experience, degree-equivalent qualification, job duties, EnterpriseSG assessment) but omits important procedural requirements: selecting the shortage occupation in the EP application, matching job titles with MyCareersFuture advertisement, and the effective date (January 2026). Also incorrectly cites 'Carbon standards and methodology analyst' section instead of carbon credit trader/broker."
q-0011,simple,workpass_candidate,"My company is lowering the salary of one of our EP holders. How far in advance do we need to notify MOM, and what happens if the new salary doesn't meet the qualifying threshold?","As an employer, you must submit a request to MOM at least 1 month before the date you intend to lower the salary. The pass holder must continue to qualify for the work pass they are holding with the revised salary. You may use the Self-Assessment Tool (SAT) to find out if they are likely to meet the qualifying salary. If they do not qualify with the revised salary, you should cancel the work pass and apply for a new work pass based on the pass holder's eligibility.",https://www.mom.gov.sg/passes-and-permits/employment-pass/notify-mom-of-changes,"Based on the knowledge base, here's what you need to do:

**Notification Timeline:**
You must submit a request to notify MOM **at least 1 month** before the date you intend to lower the salary. [source: www.mom.gov.sg/passes-and-permits/employment-pass/notify-mom-of-changes/index.md]

**If the New Salary Doesn't Meet the Qualifying Threshold:**
The EP holder must continue to qualify for the Employment Pass with the revised salary. If the new salary falls below the [EP qualifying salary](https://www.mom.gov.sg/passes-and-permits/employment-pass/eligibility#ep-qualifying-salary) requirement, you have two options:

1. Use the Self-Assessment Tool (SAT) to check if they would still meet the qualifying salary requirement
2. If they no longer qualify, you should cancel the work pass and apply for a new work pass based on their eligibility under the new salary

[source: www.mom.gov.sg/passes-and-permits/employment-pass/notify-mom-of-changes/index.md]",3,"The chatbot's answer covers all essential points: 1-month advance notification, requirement to continue qualifying, using SAT to check eligibility, and canceling/reapplying if they don't qualify. The information is accurate and comprehensive."
q-0012,simple,workpass_human_resource,"We're a high-growth startup incorporated in Singapore and we want to know if we can qualify for the SEP bonus under COMPASS. We've raised about USD 12 million over the last 3 years from a VC that isn't EDBI or SEEDS Capital. Does that count, or does the funding have to come from specific investors?","High-growth startups incorporated in Singapore can qualify for the SEP bonus if they have a minimum investment amount of USD 10 million over the past 36 months. The funding must have been received from EDBI, SEEDS Capital, or other recognised investment firms (there is a separate list of recognised investment firms maintained for this purpose). So your startup would meet the investment threshold (USD 12 million exceeds the USD 10 million minimum) and the 36-month timeframe, but the VC firm you received funding from must be on the list of recognised investment firms. If it is not EDBI or SEEDS Capital, it needs to be one of the other firms on that recognised list. This programme is supported by Enterprise Singapore (EnterpriseSG), and you can contact them at ENTERPRISESG_COMPASS@enterprisesg.gov.sg for queries, including whether your investor qualifies.",https://www.mom.gov.sg/passes-and-permits/employment-pass/eligibility/compass-c6-strategic-economic-priorities-sep-bonus-eligible-programmes,"Based on the COMPASS criteria, your startup would **not** qualify for the SEP bonus under the current eligible programmes. [source: www.mom.gov.sg/passes-and-permits/employment-pass/eligibility/compass-c6-strategic-economic-priorities-sep-bonus-eligible-programmes/annex-c---eligible-programmes-for-sep-bonus.md]

The high-growth startup programme requires two conditions to be met:
1. Incorporation in Singapore
2. Minimum investment of USD $10 million over the past 36 months **received from EDBI, SEEDS Capital, or other recognised investment firms** [source: www.mom.gov.sg/passes-and-permits/employment-pass/eligibility/compass-c6-strategic-economic-priorities-sep-bonus-eligible-programmes/annex-c---eligible-programmes-for-sep-bonus.md]

While you meet the incorporation and investment amount requirements, the funding must come from EDBI, SEEDS Capital, or other recognised investment firms. A VC that isn't one of these specified sources would not qualify.

However, you may explore other eligible SEP programmes that your startup might participate in, or contact Enterprise Singapore directly at ENTERPRISESG_COMPASS@enterprisesg.gov.sg to inquire whether your VC investor is considered a ""recognised investment firm"" under the framework. [source: www.mom.gov.sg/passes-and-permits/employment-pass/eligibility/compass-c6-strategic-economic-priorities-sep-bonus-eligible-programmes/index.md]",3,"The chatbot accurately explains the requirements (Singapore incorporation, USD 10M minimum over 36 months, funding from EDBI, SEEDS Capital, or other recognised investment firms), correctly notes the user meets the threshold but needs to verify if their VC is on the recognised list, and provides the correct Enterprise Singapore contact email for verification."
q-0013,simple,workpass_candidate,"We're hiring a 30-year-old candidate for a role in our banking company. What fixed monthly salary does he need to score points under the COMPASS C1 salary criterion, and is there a way to get the maximum 20 points?","For the Banking & Other Financial Services Activities n.e.c. sector, a 30-year-old candidate needs a fixed monthly salary of at least $11,251 to score 10 points under C1 (this is the 65th percentile of local PMET salaries in that sector). To score the maximum 20 points, the candidate needs at least $17,401 (the 90th percentile). These benchmarks were released in August 2025 and are updated once a year to reflect the latest market conditions. The required salary increases progressively with age, from age 23 to age 45. For this sector, the range starts at $7,510 (10 points) / $11,151 (20 points) for candidates aged 23 or below, and rises to $19,266 (10 points) / $30,793 (20 points) for candidates aged 45 or above. Additionally, candidates who do not meet the EP qualifying salary will not be eligible for an EP regardless of COMPASS points scored under C1. EP candidates earning at least $22,500 in fixed monthly salary are exempted from COMPASS entirely.",https://www.mom.gov.sg/passes-and-permits/employment-pass/eligibility/compass-c1-salary-benchmarks,"For a 30-year-old candidate in the Banking & Other Financial Services Activities sector, here are the C1 salary thresholds:

**Salary Requirements for C1 Points:**

- **10 points**: Fixed monthly salary of **$11,251** or above (65th percentile) [source: www.mom.gov.sg/passes-and-permits/employment-pass/eligibility/compass-c1-salary-benchmarks/c1-salary-benchmarks.md]
- **20 points (maximum)**: Fixed monthly salary of **$17,401** or above (90th percentile) [source: www.mom.gov.sg/passes-and-permits/employment-pass/eligibility/compass-c1-salary-benchmarks/c1-salary-benchmarks.md]

Yes, there is a way to get the maximum 20 points—your candidate simply needs to meet or exceed the $17,401 monthly salary threshold for their age group.",3,"The chatbot correctly identified the salary thresholds ($11,251 for 10 points, $17,401 for 20 points) for a 30-year-old in the Banking sector, explained how to get maximum points, and noted the EP qualifying salary requirement. The clarifying question about sector was appropriate given the context-dependent nature of the benchmarks."
q-0014,simple,workpass_candidate,I have an EP holder working for us who does manual labour. Do I need to buy medical insurance or work injury compensation insurance for them? I'm confused about what's actually required for EP holders versus other pass types.,"Providing medical insurance is not a requirement for employing Employment Pass (EP) holders. Most EP holders may already have their own medical insurance or may want to choose their own coverage. For EP holders without existing medical insurance, employers can choose to provide insurance coverage as part of the employment contract, or encourage them to get their own. The medical insurance requirement applies only to Work Permit and S Pass holders, in line with employers' existing responsibility for the upkeep and maintenance of their migrant workers, including the provision of medical treatment.

However, for work injury compensation (WIC) insurance, buying it is only mandatory if you are employing manual workers or non-manual workers earning less than $1,600 a month. So if your EP holder is a manual worker, you are required to purchase work injury compensation insurance for them. Whether or not you have purchased WIC insurance, you are still required to pay compensation for an eligible claim.

Additionally, under the Work Injury Compensation Act (WICA), you are obligated to pay any eligible claims for workplace injuries. You are also obligated to provide paid sick leave, including dental leave, to any employee covered under the Employment Act.",https://www.mom.gov.sg/faq/employment-pass,"For an Employment Pass (EP) holder who does manual labour, here's what's actually required:

**Medical Insurance:** Not mandatory. [source: www.mom.gov.sg/passes-and-permits/employment-pass/faq/employment-pass/are-employers-required-to-buy-medical-insurance-for-employment-pass-holders.md] Providing medical insurance is optional—you can choose to include it in the employment contract or encourage your EP holder to obtain their own coverage.

**Work Injury Compensation (WIC) Insurance:** Only mandatory if your EP holder earns less than $1,600 per month. [source: www.mom.gov.sg/passes-and-permits/employment-pass/faq/employment-pass/does-an-employer-need-to-buy-wic-insurance-for-an-ep-holder.md] However, regardless of whether you've purchased insurance, you remain obligated to pay compensation for eligible workplace injury claims. [source: www.mom.gov.sg/passes-and-permits/employment-pass/faq/employment-pass/what-are-my-medical-obligations-as-the-employer-of-an-ep-holder.md]

**Other obligations:** You must provide paid sick leave (including dental leave) under the Employment Act. [source: www.mom.gov.sg/passes-and-permits/employment-pass/faq/employment-pass/what-are-my-medical-obligations-as-the-employer-of-an-ep-holder.md]

The key difference is that medical and WIC insurance requirements are stricter for Work Permit and S Pass holders, but EP holders have more flexibility.",1,"The chatbot incorrectly states WIC insurance is only mandatory for EP holders earning less than $1,600/month, omitting that it's also mandatory for ALL manual workers regardless of salary. Since the user specifically mentioned their EP holder does manual labour, this is a critical omission that could lead to non-compliance."
q-0015,simple,workpass_human_resource,"We have a candidate who's currently on a Dependant's Pass under an Overseas Networks & Expertise Pass holder — not the spouse, just a dependent. They want to work for us. Can they just get a Letter of Consent like spouses do, or do they need a separate work pass?","Only spouses of Overseas Networks & Expertise Pass holders can work or operate a business in Singapore with a Letter of Consent (LOC). Other dependants who are not spouses will need to obtain a work pass to work for an employer in Singapore. If the dependant obtains an EP or S Pass, they will be granted the work and stay privileges associated with that pass, their stay will no longer depend on the main Overseas Networks & Expertise Pass holder, and they will need to cancel their Dependant's Pass before the EP or S Pass is issued. If the dependant obtains a Work Permit instead, they must hold on to both the Work Permit and the Dependant's Pass; the Work Permit validity will be tied to the DP's validity; they can apply for any Work Permit regardless of nationality or citizenship; they are not subject to the six-monthly medical examination, security bond, or pregnancy restrictions; and they do not need medical insurance from the employer if they are already covered under a medical insurance plan that meets MOM's prevailing minimum mandatory insurance coverage requirement.",https://www.mom.gov.sg/passes-and-permits/overseas-networks-expertise-pass/passes-for-families/dependants-pass-for-overseas-networks-expertise-pass,"They need a separate work pass. [source: www.mom.gov.sg/passes-and-permits/overseas-networks-expertise-pass/passes-for-families/dependants-pass-for-overseas-networks-expertise-pass/working-in-singapore.md]

Letters of Consent are available only to spouses of Overseas Networks & Expertise Pass holders. Other dependants must obtain a work pass (Employment Pass, S Pass, or Work Permit) to work for an employer in Singapore. [source: www.mom.gov.sg/passes-and-permits/overseas-networks-expertise-pass/passes-for-families/dependants-pass-for-overseas-networks-expertise-pass/working-in-singapore.md]

You'll need to have the candidate get a job offer and then apply for the appropriate work pass on their behalf based on their qualifications and your role requirements.",2,"Correctly states that only spouses can get LOC and other dependants need a work pass (EP, S Pass, or Work Permit), but omits key details about what happens to the DP when obtaining different work passes (cancellation for EP/S Pass vs. holding both for Work Permit) and the special conditions for Work Permit holders."
q-0016,simple,workpass_candidate,"I'm an EP holder earning $6,000 a month. I'd like to bring my parents over to Singapore — is that possible?","No, not at a salary of $6,000 a month. While EP holders earning at least $6,000 a month can bring in certain family members (legally married spouse and unmarried children under 21 on a Dependant's Pass; common-law spouse, unmarried handicapped children aged 21 and above, and unmarried step-children under 21 on a Long-Term Visit Pass), parents can only be brought in on a Long-Term Visit Pass if the EP holder earns at least $12,000 a month.",https://www.mom.gov.sg/passes-and-permits/employment-pass,"Based on the knowledge base, bringing your parents to Singapore as an EP holder is only possible if you meet a higher salary requirement. [source: www.mom.gov.sg/passes-and-permits/employment-pass/passes-for-family.md]

To bring your parents, you need to earn **at least $12,000 a month**. Since you currently earn $6,000 a month, you do not meet this threshold. If your parents were to join you, they would need a Long-Term Visit Pass, but this requires the higher salary qualification.",3,"The chatbot correctly states that parents require a Long-Term Visit Pass with a $12,000/month salary threshold, and accurately informs the user that their $6,000 salary does not meet this requirement."
q-0017,simple,workpass_human_resource,We're looking to hire a carbon credit trader and want to claim the COMPASS C5 Skills Bonus under the SOL. What are the requirements the candidate needs to meet for that specific role?,"For the Carbon credit trader role on the SOL, the candidate must minimally meet both of the following criteria: (1) Minimum total three years' work experience in carbon markets or carbon credit-related fields, and (2) At least a degree-equivalent qualification (i.e. score 10 points on COMPASS C2. Qualifications criteria). Additionally, Enterprise Singapore (EnterpriseSG) will assess all applications that meet these criteria and may contact employers for a business profile, including details on their carbon trading business. The supporting agency is EnterpriseSG. Note that unlike many other SOL occupations where MOM verifies the firm's involvement in the relevant space directly with agencies, for this role it is EnterpriseSG that assesses the applications. The candidate also needs to perform the listed job duties, which include: trading or brokering carbon credits; originating and structuring carbon credit deals; facilitating transactions between buyers and sellers of carbon credits; and performing carbon market research and analysis on topics such as different types of carbon credits and their attributes, quality of carbon credits (e.g. Core Carbon Principles and Assessment Framework), factors affecting price dynamics in OTC markets or exchanges, and international regulations and policies regarding carbon markets (e.g. Paris Agreement Article 6) as well as global and national compliance schemes and their evolving regulations (e.g. Australia, China, EU ETS). You must also select the shortage occupation in the EP application, and the job title selected must match the occupation used for the job advertisement on MyCareersFuture (unless exempted from the FCF job advertising requirement). This SOL was released in November 2025 and applies to new and renewal EP applications from 1 January 2026.",https://www.mom.gov.sg/passes-and-permits/employment-pass/upcoming-changes-to-employment-pass-eligibility/complementarity-assessment-framework-compass/compass-shortage-occupation-list#what-additional-requirements-must-my-candidate-meet-to-obtain-the-sol-bonus-points,"To claim the COMPASS C5 Skills Bonus for a carbon credit trader role under the SOL, your candidate must meet the following requirements [source: www.mom.gov.sg/passes-and-permits/employment-pass/eligibility/compass-c5-skills-bonus-shortage-occupation-list-sol/index.md]:

**Job Duties:**
Your candidate must perform the key job duties for this shortage occupation, which include:
- Trading or brokering carbon credits
- Originating and structuring carbon credit deals
- Facilitating transactions between buyers and sellers of carbon credits
- Performing carbon market research and analysis on carbon credit types, quality, price dynamics, and international regulations and compliance schemes [source: www.mom.gov.sg/passes-and-permits/employment-pass/eligibility/compass-c5-skills-bonus-shortage-occupation-list-sol/index.md]

**Additional Requirements:**
Your candidate must minimally meet **both** of the following criteria:
1. Minimum total of three years' work experience in carbon markets or carbon credit-related fields
2. At least a degree-equivalent qualification (scoring 10 points on COMPASS C2 Qualifications criteria) [source: www.mom.gov.sg/passes-and-permits/employment-pass/eligibility/compass-c5-skills-bonus-shortage-occupation-list-sol/index.md]

Additionally, you must select the appropriate eligible job title in your EP application form, and Enterprise Singapore (EnterpriseSG) will assess applications and may contact you for details on your carbon trading business [source: www.mom.gov.sg/passes-and-permits/employment-pass/eligibility/compass-c5-skills-bonus-shortage-occupation-list-sol/index.md].",2,"Covers the essential requirements (3 years experience, degree qualification, job duties, EnterpriseSG assessment) but omits the MyCareersFuture job advertising requirement and the SOL effective date (January 2026), and provides less detail on the carbon market research topics."
q-0018,simple,workpass_candidate,"My partner holds an Overseas Networks & Expertise Pass, and I'm their common-law spouse on a Long-Term Visit Pass issued by MOM. I want to work in Singapore — what do I need to do, and how long will it take to get approved?","As a common-law spouse holding a Long-Term Visit Pass (LTVP) issued by MOM under an Overseas Networks & Expertise Pass holder, you need to apply for a Letter of Consent (LOC). Your prospective employer must complete the application on your behalf by: (1) downloading and filling in the Letter of Consent (Common-Law Spouse) application form, and (2) submitting the completed form with the relevant supporting documents online at go.gov.sg/mom-submit-loc-cls. The form should be completed using Adobe Acrobat Reader DC, as it may not appear correctly with other PDF readers. The form can only be used if the LTVP was issued by the Ministry of Manpower. If the LTVP is valid for less than 3 months, it must be renewed before submitting the application. The duration applied for can be up to 60 months, though if approved, the period granted may be shorter than what was indicated. It takes around 8 weeks to process the application. Supporting documents required include: the original completed and signed application form (1 PDF, up to 7 MB), the travel document page showing the applicant's personal particulars (1 PDF or JPG, up to 1 MB), and — if applicable — an SFA licence for food establishments (1 PDF, up to 2 MB), a support letter from Enterprise Singapore for Representative Office applications (1 PDF, up to 3 MB), and registration or support letters from the relevant vetting agency/professional body/accreditation agency if the applicant will take on regulated occupations such as Dentist (Singapore Dental Council), Doctor (Singapore Medical Council), Emergency Medical Technician or Paramedic (Unit for Prehospital Emergency Care), Lawyer (Legal Services Regulatory Authority), Diagnostic radiographer/Occupational therapist/Physiotherapist/Radiation therapist/Speech therapist (Allied Health Professionals Council), Nurse (Singapore Nursing Board), Pharmacist (Singapore Pharmacy Council), TCM practitioner (Traditional Chinese Medicine Practitioners Board), or Football player/Coach (Sport Singapore) (1 PDF, up to 3 MB). Non-English documents must be accompanied by an English translation done by a translation service provider. MOM may also ask for additional documents during review. Note: Long-Term Visit Pass holders who are not common-law spouses cannot use this LOC process and must instead obtain a work pass (Employment Pass, S Pass, or Work Permit) through a prospective employer, meeting all the criteria for the relevant pass.",https://www.mom.gov.sg/passes-and-permits/overseas-networks-expertise-pass/passes-for-families/long-term-visit-pass-for-overseas-networks-expertise-pass/working-in-singapore,"To work in Singapore as a common-law spouse on a Long-Term Visit Pass, you need to apply for a Letter of Consent (LOC). Here's what you need to do:

**Application Process:**
1. Your prospective employer must download and complete the [Letter of Consent (Common-Law Spouse) application form](https://www.mom.gov.sg/-/media/mom/documents/services-forms/passes/loc_cls_application_form.pdf)
2. Your employer submits the form with relevant supporting documents online [source: www.mom.gov.sg/passes-and-permits/overseas-networks-expertise-pass/passes-for-families/long-term-visit-pass-for-overseas-networks-expertise-pass/working-in-singapore/index.md]

**Timeline:**
The application typically takes **within 4 weeks for most cases** [source: www.mom.gov.sg/passes-and-permits/overseas-networks-expertise-pass/passes-for-families/dependants-pass-for-overseas-networks-expertise-pass/working-in-singapore.md]. The LOC is valid up to the expiry date of your Long-Term Visit Pass, so ensure your pass has at least 3 months validity remaining before applying [source: www.mom.gov.sg/passes-and-permits/overseas-networks-expertise-pass/passes-for-families/dependants-pass-for-overseas-networks-expertise-pass/working-in-singapore.md].",2,"Correctly identifies LOC requirement and employer-submitted application process, but states processing time as 4 weeks instead of 8 weeks per reference, and omits key details like supporting documents required, submission URL, and regulated occupation requirements."
q-0019,simple,workpass_human_resource,"We're looking at an EP application for a candidate aged 34 who would be joining our financial services firm. What's the current EP qualifying salary for this candidate, and what will it change to under the new rates?","For a candidate aged 34 in the financial services sector, the current EP qualifying salary is $9,000 (applicable to new applications before 1 Jan 2027 and renewals expiring before 1 Jan 2028). From 1 Jan 2027 for new applications, and for renewal of passes expiring from 1 Jan 2028, the qualifying salary will increase to $9,650. These figures are part of a progressive scale that increases with age from age 23, starting at $6,200 (current) / $6,600 (new) for age 23 or below, up to $11,800 (current) / $12,700 (new) at age 45 and above for the financial services sector.",https://www.mom.gov.sg/passes-and-permits/employment-pass/eligibility,"Based on the eligibility criteria for Employment Pass candidates in the financial services sector [source: www.mom.gov.sg/passes-and-permits/employment-pass/eligibility/index.md]:

**Current EP qualifying salary (age 34):** $8,150

**New EP qualifying salary from 1 Jan 2027 (age 34):** $8,750

These rates apply specifically to the financial services sector and will take effect for new applications submitted from 1 January 2027 and for renewals of passes expiring from 1 January 2028 onwards.",0,"The chatbot provided incorrect salary figures ($8,150 and $8,750) when the correct amounts for age 34 in financial services are $9,000 (current) and $9,650 (new). This is factually wrong and would mislead the user."
q-0020,medium,workpass_human_resource,"We're bringing in an integrated circuit engineer for our semiconductor fab. The candidate has a Bachelor's in Physics. I want to make sure we meet the requirements for this role under COMPASS — does the candidate need to satisfy both the semiconductor firm verification and the degree requirement, or is one sufficient? And do we need to submit any proof to MOM that we're in the semiconductor space?","The candidate must meet both criteria simultaneously — it is not sufficient to satisfy only one. First, the candidate's employer must be a firm involved in the Semiconductor space; MOM verifies this directly with EDB, so no additional documentation from the employer is required. However, new entrants to the Semiconductor space can reach out to EDB. Second, the candidate must hold at least a Bachelor's Degree in an engineering or science faculty, which includes but is not limited to qualifications relating to those fields. A Bachelor's in Physics would fall under a science faculty and should satisfy the degree requirement. Since MOM verifies the firm's semiconductor involvement directly with EDB, the employer does not need to submit additional documentation for that criterion.",https://www.mom.gov.sg/passes-and-permits/employment-pass/upcoming-changes-to-employment-pass-eligibility/complementarity-assessment-framework-compass/compass-shortage-occupation-list#what-additional-requirements-must-my-candidate-meet-to-obtain-the-sol-bonus-points,"For an integrated circuit engineer role in the semiconductor space under COMPASS, your candidate **must meet both criteria** [source: www.mom.gov.sg/passes-and-permits/employment-pass/eligibility/compass-c5-skills-bonus-shortage-occupation-list-sol/index.md]:

1. **Be from a firm involved in the Semiconductor space** — MOM verifies this directly with EDB, so **no additional documentation is required** from you.

2. **At least a Bachelor's Degree in an engineering/science faculty** — Your candidate's Bachelor's in Physics qualifies, as Physics falls within the science faculty requirement.

Since MOM handles the semiconductor firm verification directly with EDB, you don't need to submit separate proof of your firm's semiconductor involvement. However, if your firm is new to the semiconductor space, you should reach out to EDB to ensure proper registration [source: www.mom.gov.sg/passes-and-permits/employment-pass/eligibility/compass-c5-skills-bonus-shortage-occupation-list-sol/index.md].",3,"The chatbot's answer is accurate and comprehensive, covering both criteria requirement, MOM-EDB verification process, no documentation needed, Physics degree qualification, and the EDB outreach option for new entrants."
q-0021,medium,workpass_candidate,I'm applying for an Employment Pass for a cybersecurity engineer role. My candidate doesn't have a degree — he studied at a polytechnic — but he's been working as an ICT security architect for the past 4 years. Would he still qualify for the skills bonus under the shortage occupation list?,"Yes, he would still qualify. The additional requirements state that candidates need either (1a) at least a Bachelor's degree in specified faculties (Computer Science, Information Technology, Programming & Systems Analysis, or Science (Computer Studies)), OR (1b) a minimum total of three years' work experience in at least one of the eligible job titles, which include Cybersecurity architect, Cybersecurity engineer, ICT security engineer, ICT security architect, and Information systems security developer. Since your candidate has 4 years of experience as an ICT security architect — which is one of the listed job titles and exceeds the 3-year minimum — he would meet the requirement under pathway (1b) even without a Bachelor's degree.",https://www.mom.gov.sg/passes-and-permits/employment-pass/eligibility/compass-c5-skills-bonus-shortage-occupation-list-sol,"Yes, your candidate can qualify for the C5. Skills bonus under the Shortage Occupation List (SOL) for a cybersecurity engineer role. [source: www.mom.gov.sg/passes-and-permits/employment-pass/upcoming-changes-to-employment-pass-eligibility/complementarity-assessment-framework-compass/compass-shortage-occupation-list.md]

For cybersecurity roles on the SOL, candidates need to meet **either** of these requirements:

- **(1a)** At least a Bachelor's degree in Computer Science, Information Technology, Programming & Systems Analysis, or Science (Computer Studies), **OR**
- **(1b)** Minimum total three years' work experience in one of these job titles: Cybersecurity architect, Cybersecurity engineer, ICT security engineer, ICT security architect, or Information systems security developer

Since your candidate has 4 years of work experience as an ICT security architect, he meets requirement (1b) and qualifies for the SOL bonus points, even without a degree. [source: www.mom.gov.sg/passes-and-permits/employment-pass/upcoming-changes-to-employment-pass-eligibility/complementarity-assessment-framework-compass/compass-shortage-occupation-list.md]",3,"The chatbot's answer is accurate and comprehensive, correctly explaining both pathways (1a and 1b), identifying that the candidate meets requirement 1b with 4 years of ICT security architect experience exceeding the 3-year minimum, and confirming qualification without a degree."
q-0022,medium,workpass_human_resource,We have a candidate's spouse who already has a Letter of Consent to work for another company. Now the spouse also started their own business here. Can we apply for a separate LOC so the spouse can work for us as well?,"No. A spouse can only hold one LOC at a time, as they are only allowed to work for one employer. Furthermore, if the spouse owns a business, they are considered employed by their own company, which means they cannot apply for an additional LOC to work for another employer. So in this case, the spouse who owns a business is already treated as employed by that business and would not be eligible for a second LOC to work for your company.",https://www.mom.gov.sg/faq/one-pass,"No, you cannot apply for a separate LOC for this situation. [source: www.mom.gov.sg/passes-and-permits/overseas-networks-expertise-pass/faq/one-pass/can-a-spouse-of-an-onepass-holder-apply-for-multiple-loc.md] A spouse can only hold one LOC at a time, as they are only allowed to work for one employer. 

Since the spouse already owns a business, they are considered employed by their own company and cannot apply for an additional LOC to work for another employer (including your company). [source: www.mom.gov.sg/passes-and-permits/overseas-networks-expertise-pass/faq/one-pass/can-spouses-of-onepass-holders-on-loc-concurrently-be-business-owners-and-employees.md] The spouse would need to choose between operating their business or working for your company under a single LOC.",3,"The chatbot's answer is accurate and comprehensive, correctly stating that a spouse can only hold one LOC at a time, that owning a business counts as being employed by their own company, and therefore they cannot apply for an additional LOC to work for another employer."
q-0023,medium,workpass_candidate,I just got my Employment Pass renewal approved and the notification letter says I should continue using my existing card. But I already mailed the old card back to MOM before reading the letter carefully. Is there any cost to get it replaced?,"Yes. If the notification letter states that you should continue using the existing card, the card must be kept by the pass holder. If you return it when you don't need to, you will have to pay $65.40 (including GST) to replace the pass card.",https://www.mom.gov.sg/passes-and-permits/employment-pass/renew-a-pass,"Yes, there is a cost to replace your card. Since you returned your card when you didn't need to, you will have to pay **$65.40 (including GST)** to get a replacement Employment Pass card [source: www.mom.gov.sg/passes-and-permits/employment-pass/renew-a-pass/index.md].

To avoid this fee in the future, it's important to check your notification letter carefully after your pass is issued before taking any action with your card. The letter will specify whether you should continue using your existing card or if you're getting a new one [source: www.mom.gov.sg/passes-and-permits/employment-pass/renew-a-pass/index.md].",3,"The chatbot correctly states the $65.40 (including GST) replacement fee for returning the card when not required, matching the reference answer exactly, with helpful additional context."
q-0024,medium,workpass_human_resource,"We're putting together an EP application for a candidate who's 30 years old. I want to understand the COMPASS salary benchmarks — what fixed monthly salary do we need to hit for the C1 criterion to score points, and what's the difference between the 10-point and 20-point thresholds at that age?","For a candidate aged 30, the required salary for 10 COMPASS points (which corresponds to the 65th percentile of local PMETs) is $6,987, and the required salary for 20 points (the 90th percentile of local PMETs) is $10,620. The difference between the two thresholds at age 30 is $3,633.",https://www.mom.gov.sg/passes-and-permits/employment-pass/eligibility/compass-c1-salary-benchmarks,"# COMPASS C1 Salary Benchmarks

To score points under the C1 criterion, your candidate's fixed monthly salary needs to meet or exceed the **65th percentile of local PMET salaries in your sector** [source: www.mom.gov.sg/passes-and-permits/employment-pass/eligibility/compass-c1-salary-benchmarks/index.md]. The specific salary thresholds vary by sector and are updated annually.

**Point thresholds:**
- **20 points**: 90th percentile and above
- **10 points**: 65th to less than 90th percentile  
- **0 points**: Below 65th percentile

[source: www.mom.gov.sg/passes-and-permits/employment-pass/eligibility/index.md]

To find the exact salary figures for your candidate's age and your organisation's sector, you'll need to download the **C1 salary benchmarks by sector** document (most recently released in August 2025) [source: www.mom.gov.sg/passes-and-permits/employment-pass/eligibility/compass-c1-salary-benchmarks/index.md]. Note that the benchmarks increase progressively with age from age 23 to 45, so the thresholds for a 30-year-old will be specific to that age bracket.

**Important:** Even if your candidate scores points under C1, they must still meet the separate EP qualifying salary requirement, or the application will likely be rejected [source: www.mom.gov.sg/passes-and-permits/employment-pass/eligibility/index.md].",1,"The chatbot correctly explains the percentile-based point thresholds but fails to provide the specific salary figures ($6,987 for 10 points, $10,620 for 20 points) and the difference ($3,633) that the user explicitly asked for and that the reference answer provides."
q-0025,medium,workpass_candidate,We're a startup incorporated in Singapore and we've raised about USD 12 million over the last 3 years from SEEDS Capital. Would we qualify for the COMPASS Strategic Economic Priorities bonus? What exactly are the requirements for startups?,"Yes, based on the eligibility criteria listed, high-growth startups can qualify for the SEP bonus, but they must meet all of the following conditions: (1) the startup must be incorporated in Singapore, (2) it must have received a minimum investment amount of USD $10 million over the past 36 months, and (3) the funding must have been received from EDBI, SEEDS Capital, or other recognised investment firms. Since your startup is incorporated in Singapore, raised USD 12 million (which exceeds the USD 10 million minimum), within the past 3 years (36 months), and the funding came from SEEDS Capital (which is one of the specifically named sources), you would appear to meet the eligibility requirements. This programme falls under Enterprise Singapore (EnterpriseSG).",https://www.mom.gov.sg/passes-and-permits/employment-pass/eligibility/compass-c6-strategic-economic-priorities-sep-bonus-eligible-programmes,"Based on your description, you may qualify for the C6 Strategic Economic Priorities (SEP) bonus. [source: www.mom.gov.sg/passes-and-permits/employment-pass/eligibility/compass-c6-strategic-economic-priorities-sep-bonus-eligible-programmes/annex-c---eligible-programmes-for-sep-bonus.md]

The knowledge base lists ""high-growth startups that are incorporated in Singapore with minimum investment amount of USD$10 million over the past 36 months, and have received funding from EDBI, SEEDS Capital or other recognised investment firms"" as an eligible programme under EnterpriseSG. [source: www.mom.gov.sg/passes-and-permits/employment-pass/eligibility/compass-c6-strategic-economic-priorities-sep-bonus-eligible-programmes/annex-c---eligible-programmes-for-sep-bonus.md]

However, there's a timing mismatch: your USD 12 million was raised over 3 years (36 months), but the requirement specifies ""over the past 36 months."" You should verify with EnterpriseSG directly at [ENTERPRISESG_COMPASS@enterprisesg.gov.sg](mailto:ENTERPRISESG_COMPASS@enterprisesg.gov.sg) to confirm whether your funding timeline meets their criteria, as the award of the SEP bonus is at the discretion of the supporting agencies. [source: www.mom.gov.sg/passes-and-permits/employment-pass/eligibility/index.md]",2,"The chatbot correctly identifies the eligibility criteria and covers all key points (Singapore incorporation, USD 10M minimum, 36 months, SEEDS Capital). However, it introduces unnecessary confusion by suggesting a 'timing mismatch' between 'over 3 years' and 'over the past 36 months' when these are essentially equivalent, adding noise that could mislead the user about their eligibility."
q-0026,medium,workpass_human_resource,"We're hiring someone who currently holds a Dependant's Pass tied to an ONE Pass holder. She'll be coming on board on a Work Permit. Her current medical insurance already meets MOM's minimum mandatory coverage requirement. Do we still need to provide her with medical insurance, and are there any other sector-specific requirements she'd be exempt from?","If the DP holder already has medical insurance that meets MOM's prevailing minimum mandatory insurance coverage requirement, the employer does not need to provide medical insurance. In addition, a DP holder (tied to an ONE Pass) working on a Work Permit is exempt from the six-monthly medical examination, the security bond requirement, and pregnancy restrictions. There are also no nationality or citizenship restrictions on the Work Permit application, and the Work Permit validity will be tied to the DP's validity.",https://www.mom.gov.sg/passes-and-permits/overseas-networks-expertise-pass/passes-for-families/dependants-pass-for-overseas-networks-expertise-pass,"Based on the context provided, here's what applies to your new hire:

**Medical Insurance:**
No, you do not need to provide her with medical insurance. Since she already holds medical insurance that meets MOM's prevailing minimum mandatory insurance coverage requirement, she is exempt from the employer medical insurance requirement. [source: www.mom.gov.sg/passes-and-permits/overseas-networks-expertise-pass/passes-for-families/dependants-pass-for-overseas-networks-expertise-pass/working-in-singapore.md]

**Other Sector-Specific Exemptions:**
As a Dependant's Pass holder obtaining a Work Permit, she is exempt from:
- Six-monthly medical examination
- Security bond
- Pregnancy restrictions

[source: www.mom.gov.sg/passes-and-permits/overseas-networks-expertise-pass/passes-for-families/dependants-pass-for-overseas-networks-expertise-pass/working-in-singapore.md]

Note that her Work Permit validity will be tied to her Dependant's Pass validity.",3,"The chatbot's answer covers all key points from the reference: medical insurance exemption when existing coverage meets requirements, exemptions from six-monthly medical examination, security bond, and pregnancy restrictions, plus the Work Permit validity being tied to the DP. Only minor omission is the nationality/citizenship restrictions point, but the essential information is comprehensive."
q-0029,complex,workpass_candidate,"We're looking to hire a foreign specialist for a role that's on the Shortage Occupation List. Our candidate graduated from KU Leuven in Belgium. When we submit the EP application, do we just pick any job title, or is there a specific process we need to follow for the SOL role — and will the candidate's university help with the application?","For a Shortage Occupation List (SOL) role, the SOL bonus recognises jobs requiring highly specialised skills that are in shortage in the local workforce, determined through a robust evaluation process considering industry needs and local workforce development efforts. To qualify for this bonus: (1) the candidate must perform the job duties listed for the specific shortage occupation; (2) you must select one of the eligible job titles in the EP application (not just any title); and (3) the candidate must meet checks on additional job requirements if they fall into certain categories. Regarding the candidate's university, Katholieke Universiteit Leuven (KU Leuven) in Belgium is on the list of recognised institutions, which can support the EP application (e.g., for meeting qualification-related criteria). So the university credential from KU Leuven is recognised, but you still need to follow the specific SOL application requirements including selecting the correct eligible job title and ensuring the candidate meets the relevant job duty and additional requirement checks.",https://www.mom.gov.sg/passes-and-permits/employment-pass/eligibility,"For an SOL role, you cannot simply pick any job title—there is a specific process you must follow:

**Job Title Selection:**
You must select one of the **eligible job titles** listed for the specific shortage occupation in your EP application form. This job title must match the occupation advertised on MyCareersFuture, unless you are exempted from the job advertising requirement. [source: www.mom.gov.sg/passes-and-permits/employment-pass/eligibility/compass-c5-skills-bonus-shortage-occupation-list-sol/index.md]

**Additional Requirements:**
Your candidate must meet the additional requirements specific to that shortage occupation, which can include:
- Relevant qualifications (uploaded in the qualifications section)
- Work experience in relevant job titles (selected in the work experience section)
- Registration proof (uploaded in the agency support question) [source: www.mom.gov.sg/passes-and-permits/employment-pass/eligibility/compass-c5-skills-bonus-shortage-occupation-list-sol/index.md]

The candidate must also perform the actual job duties listed for that specific shortage occupation. [source: www.mom.gov.sg/passes-and-permits/employment-pass/eligibility/index.md]

**Regarding the university:** The knowledge base does not contain information about whether the candidate's university (KU Leuven) plays a role in the application process. You should refer to the SOL Employer Guide or contact the relevant supporting sector agency for your specific occupation for clarification on qualification requirements.",2,"Correctly explains the SOL job title selection process and additional requirements, but fails to confirm that KU Leuven is on the list of recognised institutions, which is a key point in the reference answer regarding how the university credential supports the EP application."
q-0030,complex,workpass_candidate,"We're looking to bring in a candidate on an EP for a Software Development Manager role. He doesn't have a degree in computer science or any related IT field — he studied mechanical engineering — but he does have about four years of experience as a Software Development Manager. Separately, we're also considering hiring a Relationship Manager for our family office private banking unit (we're a licensed FI with MAS). That candidate has two years of experience as a Relationship Manager in ultra-high net worth. Would both of these candidates qualify for the Skills Bonus under the shortage occupation list?","For the Software Development Manager role, the candidate can qualify for the C5 Skills Bonus on the Shortage Occupation List even without a relevant degree, because the additional requirements allow either (1a) at least a Bachelor's degree in Computer Science, Information Technology, Programming & Systems Analysis, or Science (Computer Studies), OR (1b) a minimum total of three years' work experience in at least one of the eligible job titles (Application development manager, Head of applications development, Software and applications manager, or Software development manager). Since your candidate has four years of experience as a Software Development Manager, he satisfies criterion (1b) and would be eligible. The supporting agency is IMDA.

For the Relationship Manager (ultra-high/high net worth / family office / philanthropy) role, the candidate would NOT qualify. The additional requirements for that role require the candidate to meet BOTH criteria: (1) the employer must be a Singapore licensed FI with private banking business (which your firm satisfies — MOM verifies this directly with MAS, no additional documentation needed), AND (2) the candidate must have a minimum total of three years' work experience as a Relationship Manager (ultra-high/high net worth / family office / philanthropy). Your candidate has only two years of experience, which falls short of the three-year minimum. The supporting agency is MAS.

So only the Software Development Manager candidate would qualify; the Relationship Manager candidate would not.",https://www.mom.gov.sg/passes-and-permits/employment-pass/upcoming-changes-to-employment-pass-eligibility/complementarity-assessment-framework-compass/compass-shortage-occupation-list#what-additional-requirements-must-my-candidate-meet-to-obtain-the-sol-bonus-points,"Based on the COMPASS shortage occupation list, here's the assessment:

**Software Development Manager:** Yes, this candidate qualifies. [source: www.mom.gov.sg/passes-and-permits/employment-pass/upcoming-changes-to-employment-pass-eligibility/complementarity-assessment-framework-compass/compass-shortage-occupation-list.md] The role accepts candidates with **either** a relevant Bachelor's degree **or** a minimum of three years' work experience in the job title. Your candidate has four years as a Software Development Manager, which exceeds the three-year requirement, so the lack of a computer science degree is not a barrier.

**Relationship Manager (ultra-high/high net worth, family office or philanthropy):** No, this candidate does **not** qualify. [source: www.mom.gov.sg/passes-and-permits/employment-pass/upcoming-changes-to-employment-pass-eligibility/complementarity-assessment-framework-compass/compass-shortage-occupation-list.md] The role requires candidates to meet **both** criteria: (1) your employer is a Singapore licensed FI with private banking business (which you meet), and (2) **minimum total three years' work experience** in the role. Your candidate has only two years of experience, falling short of the three-year threshold.",3,The chatbot correctly identifies that the Software Development Manager qualifies via the experience pathway (4 years exceeds 3-year minimum) and that the Relationship Manager does not qualify due to insufficient experience (2 years vs. 3-year requirement). Both key points and reasoning match the reference answer.
q-0031,complex,workpass_human_resource,"We're a high-growth startup incorporated in Singapore. We've raised about USD 12 million over the last 3 years from a recognized VC firm (not EDBI or SEEDS Capital). We want to know if we'd qualify for the COMPASS C6 SEP bonus, and if so, which agency should we reach out to for confirmation?","Yes, your startup could be eligible for the C6 Strategic Economic Priorities (SEP) bonus. To qualify under this programme (S/N 8 in the eligible programmes list), your organisation must be a high-growth startup that is incorporated in Singapore with a minimum investment amount of USD 10 million over the past 36 months, and must have received funding from EDBI, SEEDS Capital, or other recognised investment firms. Since your startup has raised USD 12 million over the last 3 years from a recognised investment firm, you would meet the investment threshold and funding source criteria. Your organisation needs to participate in at least one of the eligible SEP programmes to be considered for the C6 SEP bonus. The supporting agency for this programme is Enterprise Singapore (EnterpriseSG), and you should contact them directly if you have any queries about your eligibility.",https://www.mom.gov.sg/passes-and-permits/employment-pass/eligibility/compass-c6-strategic-economic-priorities-sep-bonus-eligible-programmes,"Based on your profile, you would **not** qualify for the C6 Strategic Economic Priorities (SEP) bonus under the current eligible programmes.

The knowledge base lists high-growth startups as eligible for the SEP bonus only if they meet these specific criteria: incorporated in Singapore with a minimum investment of USD $10 million over the past 36 months, **and** have received funding from EDBI, SEEDS Capital, **or other recognised investment firms** [source: www.mom.gov.sg/passes-and-permits/employment-pass/eligibility/compass-c6-strategic-economic-priorities-sep-bonus-eligible-programmes/annex-c---eligible-programmes-for-sep-bonus.md].

While your USD 12 million in funding exceeds the minimum threshold, the knowledge base does not clarify what qualifies as a ""recognised investment firm"" beyond EDBI and SEEDS Capital. To determine whether your VC firm meets this definition, you should **contact Enterprise Singapore (EnterpriseSG)** directly at [ENTERPRISESG_COMPASS@enterprisesg.gov.sg](mailto:ENTERPRISESG_COMPASS@enterprisesg.gov.sg), as they administer the high-growth startup programme [source: www.mom.gov.sg/passes-and-permits/employment-pass/eligibility/compass-c6-strategic-economic-priorities-sep-bonus-eligible-programmes/index.md].",2,"The chatbot correctly identifies the criteria, investment threshold, and directs to Enterprise Singapore. However, it incorrectly states the startup would 'not qualify' when the reference indicates they 'could be eligible' since funding from 'other recognised investment firms' is explicitly allowed. The chatbot's cautious framing contradicts the reference's more positive assessment."
q-0032,complex,workpass_candidate,"We want to appoint one of our EP holders as a director on the board of a subsidiary company we own. After we get MOM's approval, what do we need to do next, and when the EP comes up for renewal, do we need to do anything about the directorship approval as well?","After MOM grants the Letter of Consent (LOC), you must register the directorship position with ACRA. MOM will generally grant the LOC for directorship appointments in companies that are related by corporate shareholding to the EP holder's primary employer, as these appointments may be critical to their primary job role. Regarding renewal: the LOC is valid only up to the expiry or cancellation date of the current EP, so when you successfully renew the EP, you must apply for a new LOC for the directorship to continue.",https://www.mom.gov.sg/passes-and-permits/employment-pass/taking-up-secondary-directorship,"Based on the knowledge base, here's what you need to do:

**After MOM approval:**
Once you receive the Letter of Consent (LOC) from MOM, you need to [register the directorship position with ACRA](https://www.mom.gov.sg/passes-and-permits/employment-pass/taking-up-secondary-directorship/index.md).

**Upon EP renewal:**
Yes, you will need to take action. [When you have successfully renewed the EP, you must apply for a new LOC](https://www.mom.gov.sg/passes-and-permits/employment-pass/taking-up-secondary-directorship/index.md). The LOC's validity is limited to the expiry or cancellation date of the current EP, so it does not automatically carry over to the renewed pass.",3,"The chatbot's answer accurately covers both key points: registering the directorship with ACRA after receiving the LOC, and the need to apply for a new LOC upon EP renewal since the LOC validity is tied to the current EP's expiry date."
q-0033,complex,workpass_human_resource,"We have a ONE Pass holder who has changed employers and taken on a new occupation. I need to notify MOM of these changes. Can you tell me what employment-related information and personal particulars I'll need to submit, and whether there are any occupation restrictions I should check before proceeding?","When notifying MOM of changes for a ONE Pass holder, you need to provide the following employment details: employer(s) and occupation(s), total annual income for the past calendar year, and other professional activities if applicable. You also need to submit personal particulars including: name, nationality/citizenship, date of birth, marital status, sex, country/region of birth or origin, and Malaysian ID details (if applicable), along with any required supporting documents for these fields. Additionally, before proceeding, you should check the full list of restricted occupations for the ONE Pass (available on MOM's website) to ensure the new occupation is not restricted.",https://www.mom.gov.sg/passes-and-permits/overseas-networks-expertise-pass/notify-mom,"Based on the CONTEXT, ONE Pass holders cannot work in certain restricted occupations—such as **media or religion-related occupations**—without obtaining approval from MOM [source: www.mom.gov.sg/passes-and-permits/overseas-networks-expertise-pass/notify-mom/index.md].

For the complete list of restricted occupations, you should refer to the [full list of restricted occupations](https://www.mom.gov.sg/-/media/mom/documents/work-passes-and-permits/ove/restricted-occupations-for-ove.pdf) document. If the new occupation falls within a restricted category, the pass holder must submit a request to MOM using their online form before starting work in that occupation, and approval typically takes 3 weeks [source: www.mom.gov.sg/passes-and-permits/overseas-networks-expertise-pass/notify-mom/index.md].",2,"The chatbot initially claimed insufficient information but eventually covered the key points about employment details (employer, occupation, income), personal particulars (confirmed by user), and restricted occupations with a link to the full list. However, the user had to steer the conversation by providing the personal particulars themselves, and the chatbot missed mentioning Malaysian ID details and supporting documents."
q-0034,complex,workpass_candidate,"I'm a researcher considering applying for the Overseas Networks & Expertise Pass. I know it covers multiple sectors, but I'm not sure how the eligibility assessment works — do I just need to meet some general criteria, or is it more specific than that? And what kind of employer-related financial documents would I need to prepare, and how recent do they have to be?","The Overseas Networks & Expertise Pass covers top talent in all sectors, including academia and research, so you would be eligible to apply as a researcher. For eligibility, candidates are assessed on a case-by-case basis. You must choose the category that best fits you and meet all the criteria within that chosen category — not just some general criteria. Regarding employer-related financial documents, you need to provide the latest financial information of your employer, obtained within the last 3 months. This includes documents indicating the latest market capitalisation or annual company revenue. Additionally, if you have income sources other than your fixed monthly salary, you must provide documents supporting those other income sources. You will also need employment verification proof from a background screening company.",https://www.mom.gov.sg/passes-and-permits/overseas-networks-expertise-pass,"# Eligibility Assessment and Documentation for Researchers

## How Eligibility Assessment Works

The assessment is **specific to your situation**, not just general criteria. You must meet **one of these routes** [source: www.mom.gov.sg/passes-and-permits/overseas-networks-expertise-pass/eligibility.md]:

1. **Salary-based route**: Earn a fixed monthly salary of at least S$30,000 for 12 consecutive months leading up to your application date, working for an established company (market cap ≥US$500M or annual revenue ≥US$200M).

2. **Outstanding achievements route**: If you don't meet the salary requirement, you may still qualify through outstanding achievements in academia and research (among other sectors). MOM and relevant agencies like MOE, NRF, and A*STAR will holistically review your work and key accomplishments [source: www.mom.gov.sg/passes-and-permits/overseas-networks-expertise-pass/eligibility.md].

## Employer Financial Documentation

The knowledge base does not specify which employer-related financial documents you need to prepare or their recency requirements. I don't have enough information to answer that part of your question from the knowledge base. I recommend contacting MOM directly or consulting the [documents required page](https://www.mom.gov.sg/passes-and-permits/overseas-networks-expertise-pass/documents-required) for a detailed checklist.",1,"Correctly explains the eligibility assessment is specific (category-based) and describes the two routes, but fails to provide the employer-related financial document requirements (latest financial info within 3 months, market cap/revenue documents, other income source documentation, employment verification) which the reference answer identifies as essential."
q-0035,complex,workpass_human_resource,"We have an ONE Pass holder whose common-law partner wants to work here in Singapore, and the pass holder also wants to bring over their 22-year-old unmarried son who has a disability, plus their 19-year-old stepchild. Can you walk me through what passes each of these family members would get, and whether any of them can work?","The common-law spouse (whose common-law relationship is recognised under the laws of their country or region) would be issued a Long-Term Visit Pass (LTVP) and can apply for a Letter of Consent (LOC) to work in Singapore. The 22-year-old unmarried handicapped son would also be eligible for a Long-Term Visit Pass, as handicapped children who are unmarried and aged 21 and above qualify for an LTVP. The 19-year-old unmarried stepchild would likewise qualify for a Long-Term Visit Pass, since stepchildren who are unmarried and under 21 years old are eligible for an LTVP. Note that the LTVP for the handicapped son and the stepchild does not mention eligibility for a Letter of Consent to work — only spouses and common-law spouses on their respective passes are described as being able to apply for an LOC to work in Singapore.",https://www.mom.gov.sg/passes-and-permits/overseas-networks-expertise-pass/passes-for-families,"Here's what each family member can get:

**Common-law partner:** A [Long-Term Visit Pass (LTVP)][source: www.mom.gov.sg/passes-and-permits/overseas-networks-expertise-pass/passes-for-families/index.md]. They can work in Singapore by applying for a Letter of Consent (LOC) — the employer completes the application on their behalf [source: www.mom.gov.sg/passes-and-permits/overseas-networks-expertise-pass/passes-for-families/long-term-visit-pass-for-overseas-networks-expertise-pass/working-in-singapore/index.md].

**22-year-old unmarried son with disability:** An LTVP [source: www.mom.gov.sg/passes-and-permits/overseas-networks-expertise-pass/passes-for-families/index.md]. However, I don't have information in the knowledge base about whether disabled adult children on LTVP can work or apply for a Letter of Consent.

**19-year-old stepchild:** An LTVP [source: www.mom.gov.sg/passes-and-permits/overseas-networks-expertise-pass/passes-for-families/index.md]. Like other LTVP holders who are not common-law spouses, they would need to obtain a separate work pass (Employment Pass, S Pass, or Work Permit) if they want to work — they cannot work on the LTVP alone [source: www.mom.gov.sg/passes-and-permits/overseas-networks-expertise-pass/passes-for-families/long-term-visit-pass-for-overseas-networks-expertise-pass/working-in-singapore/index.md].",3,Correctly identifies LTVP for all three family members and that only the common-law partner can apply for LOC to work; appropriately notes uncertainty about the disabled son's work eligibility while correctly stating the stepchild cannot work on LTVP alone.
q-0036,complex,workpass_human_resource,"We're filing an LTVP application for a ONE Pass holder's spouse who wants to work in Singapore. The spouse has support from the Singapore Medical Council, and most of their documents — including the SMC support letter — are in Mandarin. Also, the spouse previously entered Singapore on a passport from a different country than the one they're using now. How should we handle all of this on the application?","There are several things to address in this application: (1) Since the applicant has obtained support from the Singapore Medical Council, which is one of the listed Vetting Agencies on the form, you must select 'Yes' to indicate vetting agency support and select 'Singapore Medical Council' from the list. You must also produce documentary proof of support from the Singapore Medical Council together with the application. (2) All non-English documents must be accompanied by an English translation, and the translation can be done by a translation service provider. So the Mandarin documents, including the SMC support letter if it is in Mandarin, need to have English translations attached. (3) In Part 5 – Other Information of the application form, the applicant must declare 'Yes' to the question asking whether they have entered Singapore using a passport issued by a different country, since that applies to their situation. Additionally, by submitting the application, the applicant consents to the Government of Singapore and statutory authorities obtaining from and verifying information with any person, organisation, or any other source.",https://www.mom.gov.sg/passes-and-permits/overseas-networks-expertise-pass/passes-for-families/long-term-visit-pass-for-overseas-networks-expertise-pass/working-in-singapore,"Based on the available CONTEXT, I can address one of your questions:

**Document translations:** Non-English documents must be accompanied by an English translation. The translation can be done by a translation service provider [source: www.mom.gov.sg/passes-and-permits/work-permit-for-foreign-domestic-worker/apply-for-work-permit/fdw-appln-form.md]. This requirement applies to work pass applications generally, so your Mandarin documents—including the SMC support letter—should be translated to English.

However, I don't have enough information in the knowledge base to answer:

- How to indicate professional credentials or support letters (like the SMC letter) on the LTVP application form
- Where to declare previous entries to Singapore on a different passport

For these LTVP-specific questions, you would need to contact MOM directly or consult the detailed LTVP application instructions, which are not included in the available excerpts.",1,"Chatbot correctly addressed the translation requirement but failed to provide key information about selecting 'Yes' for vetting agency support and choosing SMC from the list, and about declaring 'Yes' in Part 5 for previous passport entry. These were essential parts of the reference answer."
q-0037,complex,workpass_candidate,"My company is terminating an EP holder and their last day is 15 February. We want to submit the cancellation early, and we also want to make sure the person can stay in Singapore for a while after the pass is cancelled to settle personal matters. Also, if MOM asks us for extra documents during the process, how do we send those in? And one more thing — after cancellation, if the person still has their physical EP card, what should we do with it?","You can submit the cancellation request up to 14 days in advance — so for a 15 February cancellation, you can submit from 1 February onwards. The cancellation is immediate unless it is an advance cancellation request. The employer or employment agent can submit the cancellation. Upon cancellation (or within a day after the EP expiration date), you can request a Short-Term Visit Pass (STVP) for the pass holder, which grants valid stay in Singapore for up to 90 days. If MOM emails you requesting more documents, you can submit them using the online form at https://form.gov.sg/#!/5f8d4eadef8dab00112fd313. Regarding the physical EP card, if the card is found (or still in possession), it should be returned to MOM immediately by post to: Ministry of Manpower, 18 Havelock Road, Singapore 059764.",https://www.mom.gov.sg/passes-and-permits/employment-pass,"Based on the knowledge base, here's what you need to know:

**Timing of cancellation submission:**
You can submit your EP cancellation request up to 14 days in advance. Since the last day is 15 February, you can submit from 1 February onwards. [source: www.mom.gov.sg/passes-and-permits/employment-pass/cancel-a-pass.md]

**Extending stay after cancellation:**
You can request an STVP (Short-Term Visit Pass) for the pass holder upon cancellation. The STVP will grant them valid stay in Singapore for up to 90 days from the date of application, allowing them time to settle personal matters before departure. [source: www.mom.gov.sg/passes-and-permits/employment-pass/cancel-a-pass.md]

**Physical EP card:**
After cancellation, you should cut the card in half and discard it to prevent misuse. [source: www.mom.gov.sg/passes-and-permits/employment-pass/cancel-a-pass.md]

**Regarding additional documents:**
I don't have enough information from the knowledge base about the process for submitting additional documents if MOM requests them during the EP cancellation process. You may need to contact MOM directly or check the EP eService portal for guidance on document submission procedures.",1,"The chatbot correctly addressed the advance cancellation timing and STVP request, but gave incorrect advice about the physical EP card (said to cut and discard, but reference says to return by post to MOM), and failed to provide the document submission form URL that was available in the reference answer."
q-0038,complex,workpass_human_resource,"We have a candidate currently based overseas whom we're looking to bring in on a ONE Pass. If the main application gets rejected, what happens to the dependant pass applications we submitted at the same time — do we get the fees back? And once the candidate is here and the pass is issued, is there an annual reporting obligation they need to be aware of right away, or is there some grace period?","If the main ONE Pass holder's application is rejected, the family's dependant pass applications will also be rejected, and the fees paid for all of those applications are non-refundable. The candidate can apply for the pass while outside Singapore, but if approved they must make an appointment to get the pass issued at the Employment Pass Services Centre in Singapore. Once the pass is issued, ONE Pass holders are generally required to submit an annual notification, but there are exceptions — for example, those who have just been issued their pass are not required to submit the annual notification right away.",https://www.mom.gov.sg/faq/one-pass,"Based on the knowledge base, I can answer your first question clearly:

**Dependant Pass fees if main application is rejected:** If your candidate's ONE Pass application is rejected, any Dependant's Pass or Long-Term Visit Pass applications submitted at the same time will also be rejected, and **the fees paid for those applications are non-refundable** [source: www.mom.gov.sg/passes-and-permits/overseas-networks-expertise-pass/faq/one-pass/can-i-submit-applications-for-my-familys-passes-together-with-my-application-for-the-onepass.md]. For this reason, the knowledge base recommends applying for family passes only after the main ONE Pass is approved.

**Annual reporting obligations and grace periods:** I don't have enough information to answer that from the knowledge base. The excerpts provided don't cover post-issuance compliance requirements, reporting obligations, or any grace periods that may apply after the pass is issued.",1,"Correctly answered the fee refund question but explicitly stated it could not answer the annual reporting/grace period question, which the reference shows has a clear answer (annual notification required but newly-issued pass holders are exempt initially)."
q-0039,complex,workpass_candidate,"I'm going through the Employment Pass application process and I want to understand the full picture — if MOM asks me for additional documents, how do I submit them, and what kind of obligations or commitments does my employer (or I) take on as part of this application, especially regarding compliance and repatriation costs?","If MOM requests additional documents during processing (which may take longer than 10 working days), you can submit them via the Employment Pass e-Service by clicking 'Work Passes' on the left menu, choosing the application record, and selecting 'Submit documents' (or selecting 'View details' to see the required action). Alternatively, MOM's email may direct you to submit documents using their online form. As part of the application, a declaration is made confirming that the applicant has read, understood, and will comply with all the Conditions of Employment Pass as specified in the Employment of Foreign Manpower (Work Passes) Regulations available on MOM's website, and will ensure these conditions are complied with. Additionally, there is an obligation to indemnify the Singapore Government for any charges or expenses which may be incurred by the Government in respect of the repatriation of the candidate or any of his/her dependants.",https://www.mom.gov.sg/passes-and-permits/employment-pass/apply-for-a-pass,"# Submitting Additional Documents

If MOM requests additional documents during your Employment Pass application, you have two options [source: www.mom.gov.sg/passes-and-permits/employment-pass/apply-for-a-pass/index.md]:

1. **Submit via the online portal**: Log into the Employment Pass eService, click 'Work Passes' on the left menu, choose your application record, and select 'Submit documents'.
2. **Use the online form**: MOM will email you instructions to submit documents using their [online form](https://form.gov.sg/#!/5f8d4eadef8dab00112fd313).

# Employer's Obligations and Commitments

Your employer (the local sponsor) takes on several key responsibilities upon approval [source: www.mom.gov.sg/passes-and-permits/employment-pass/apply-for-a-pass/ep_sponsor_form8.md]:

- **Responsibility for your stay, maintenance, and repatriation**
- **Financial indemnity**: The employer indemnifies the Singapore Government for any charges or expenses incurred in repatriating you or your dependants
- **Compliance oversight**: The employer is responsible for ensuring you comply with any quarantine and medical surveillance requirements
- **Employment restrictions**: You can only work in the role specified in the application; any change in duties, designation, or employer requires notification to MOM or a new work pass application
- **Timely cancellation**: The employer must cancel your Employment Pass within 7 days of employment termination",3,"The chatbot accurately covers both document submission methods (portal and online form) and comprehensively addresses employer obligations including repatriation indemnity, compliance requirements, and additional relevant details like employment restrictions and cancellation timelines that enhance the answer."
q-0040,complex,workpass_human_resource,"We're bringing in a senior hire on a ONE Pass, and the candidate wants to understand what they're committing to when they sign the application. Specifically, they're asking whether they can freely take up any role once the pass is issued, and whether there are any conduct-related undertakings they need to be aware of during their stay. Can you clarify what obligations they'd be agreeing to?","When signing the ONE Pass application, the candidate makes several undertakings. First, they declare that all information provided in the application and all supporting documents submitted are true and correct, and that the documents are true copies of the originals. Second, regarding conduct during their stay in Singapore, they undertake not to misuse controlled drugs and not to take part in any political or other activities that would make them an undesirable or prohibited immigrant under the Immigration Act. Third, regarding employment, they cannot freely take up any role — they must obtain prior approval from the Ministry of Manpower if they intend to start working in a restricted occupation specified by the Ministry after the ONE Pass is issued to them.",https://www.mom.gov.sg/passes-and-permits/overseas-networks-expertise-pass/apply-for-a-pass,"I don't have enough information to answer that from the knowledge base.

The CONTEXT describes the application process and key features of the ONE Pass (Overseas Networks & Expertise Pass), including that holders have flexibility to work for multiple companies concurrently and don't need to reapply when changing jobs [source: www.mom.gov.sg/passes-and-permits/overseas-networks-expertise-pass/key-facts.md]. However, it does not contain details about the specific declarations, undertakings, or conduct-related obligations that candidates agree to when signing the application form or during pass issuance.

The CONTEXT mentions that pass holders must ""sign the relevant declaration form"" during their pass issuance appointment [source: www.mom.gov.sg/passes-and-permits/overseas-networks-expertise-pass/apply-for-a-pass/index.md], but it does not specify what those declarations contain or what conduct requirements apply during their stay.

To get this information, you would need to consult the actual application form, declaration documents, or contact MOM directly for details on the specific obligations and undertakings required.",1,"The chatbot failed to provide the specific undertakings (truthfulness of information, no drug misuse, no prohibited political activities, prior approval for restricted occupations) that the reference answer identifies as essential, instead claiming insufficient information and directing the user elsewhere."
q-0041,complex,workpass_human_resource,"We're submitting an EP application and need to verify the candidate's degree from NTU through their online verification portal. I want to make sure we get the screenshots right and also handle the MOM verification reference number properly. What exactly do we need to capture and upload for the educational qualification verification, and how does the MOM reference number fit into the process?","For verifying the candidate's educational qualification through a university verification portal (e.g., NTU), you need to capture and upload two screenshots: (1) A 'Verification page' screenshot that must include the visible website address of the verification portal and all information entered in the portal, such as the candidate's name and date of birth. (2) A 'Verified page' screenshot that must include the visible website address of the verification portal and the final page showing that the candidate was awarded the educational qualification. Both the verification page and verified page screenshots should be uploaded. Separately, when dealing with the MOM verification reference number, you need to key in the 'MOM verification reference number' as stated on the verification proof or as provided by the background screening company, and then upload the verification proof from the background screening company. Additionally, when uploading any documents such as passport pages, you must ensure the whole page, including the entire 'Machine Readable Zone', is visible — it must not be cut off, blocked, or covered by a watermark.",https://www.mom.gov.sg/passes-and-permits/employment-pass/documents-required,"# Educational Qualification Verification for EP Application

When verifying an NTU degree through their online verification portal, you need to capture **two separate screenshots** [source: www.mom.gov.sg/passes-and-permits/employment-pass/documents-required/verification-portal-guide.md § Page 3]:

**Screenshot 1 – Verification Page:**
- Visible verification portal website address
- All information entered in the portal, including:
  - Name
  - Date of birth

**Screenshot 2 – Verified Page:**
- Visible verification portal website address
- Final page showing proof that the candidate was awarded the educational qualification

Both screenshots must then be uploaded to your EP application form [source: www.mom.gov.sg/passes-and-permits/employment-pass/documents-required/verification-portal-guide.md § Page 2].

## MOM Verification Reference Number

The MOM verification reference number applies to a **different verification method** — when using a Background Screening Company rather than the institution's portal. If you're using NTU's direct verification portal, you won't have an MOM reference number to enter. The MOM reference number is only relevant if you obtain verification proof from a Background Screening Company, which you would then key into the application form [source: www.mom.gov.sg/passes-and-permits/employment-pass/documents-required/bsc-guide.md § Page 3].",3,"The chatbot accurately describes both required screenshots with all essential details (visible website address, entered information, final verification page), correctly explains the MOM reference number applies to background screening company verification rather than direct portal verification, and provides clear guidance. The passport/MRZ requirement mentioned in the reference is supplementary general guidance not specifically asked about."
q-0042,complex,workpass_candidate,"I'm on an Employment Pass under the Sponsorship scheme and my pass still has about 4 months left. I want to renew early — will I lose those remaining months? Also, what form do I need to use, and what kind of obligations or commitments does the renewal involve regarding repatriation?","If you renew your Employment Pass early, your new work pass validity will not be reduced or lost. Any remaining validity from your current pass — up to six months — is added on to your renewal, so your 4 remaining months would carry over. However, if you miss the renewal deadline, you would need to apply for a new pass instead. As an EP (Sponsorship) holder, you must use the specific EP Sponsorship renewal form for your renewal application. The form requires the candidate's name as shown on their travel document, their signature, and the date in DD/MM/YYYY format. As part of the renewal, there is an obligation to indemnify the Singapore Government for any charges or expenses that may be incurred by the Government in respect of the repatriation of the candidate or any of his/her dependants.",https://www.mom.gov.sg/passes-and-permits/employment-pass/renew-a-pass,"No, you will not lose your remaining months. [source: www.mom.gov.sg/passes-and-permits/employment-pass/renew-a-pass/index.md] When you renew early, any remaining validity from your current pass (up to six months) is added on to your renewal, so the duration of the renewed pass will start when your current pass expires.

For EP (Sponsorship) renewals, you must use the **Employment Pass (Sponsorship) Renewal Form**. [source: www.mom.gov.sg/passes-and-permits/employment-pass/renew-a-pass/index.md] You can start applying up to 3 months before your pass expires. [source: www.mom.gov.sg/passes-and-permits/employment-pass/renew-a-pass/ep_sponsor_renewal_form.md] Download and complete the form as a soft copy, then submit it along with supporting documents via the online form at go.gov.sg/renew-ep-sponsorship. Processing typically takes around 8 weeks.

Regarding repatriation obligations, as the local sponsor, you undertake to: [source: www.mom.gov.sg/passes-and-permits/employment-pass/renew-a-pass/ep_sponsor_renewal_form.md]

- Be responsible for the stay, maintenance, and repatriation of the candidate
- Indemnify the Singapore Government for any charges or expenses incurred in repatriating the candidate or their dependants
- Cancel the candidate's Employment Pass within 7 days upon termination of employment",3,"The chatbot accurately addresses all three parts of the question: confirms remaining months carry over (up to 6 months), identifies the correct EP Sponsorship Renewal Form, and explains repatriation obligations including the indemnification requirement. It provides additional helpful details like processing time and submission method without introducing errors."
q-0043,complex,workpass_human_resource,"We have an ONE Pass holder whose spouse holds a Dependant's Pass and now wants to start her own business in Singapore. The DP currently has about 2 months of validity left. Can we go ahead and submit the Letter of Consent application for her, and who should be the one submitting it — us as the employer, or can she do it herself?","No, you cannot proceed with the application immediately. The Dependant's Pass must have at least 3 months of validity remaining, so since it only has about 2 months left, the DP needs to be renewed first before submitting the Letter of Consent (LOC) application. As for who submits it: because the spouse wishes to operate a business in Singapore (rather than work for an employer), the candidate herself or an appointed employment agent can apply — the employer does not need to submit it on her behalf. If she instead wanted to work for an employer in Singapore, then the employer would need to apply on her behalf. The LOC is free of charge, processing takes within 4 weeks for most cases, and its duration is up to the expiry date of the Dependant's Pass.",https://www.mom.gov.sg/passes-and-permits/overseas-networks-expertise-pass/passes-for-families/dependants-pass-for-overseas-networks-expertise-pass,"Based on the knowledge base, there are two issues to address:

**DP Validity:** You cannot proceed with the Letter of Consent application yet. The DP must have at least 3 months validity remaining, and your spouse's pass currently has only 2 months left. [You will need to renew the DP first before applying for the Letter of Consent.](https://www.mom.gov.sg/passes-and-permits/overseas-networks-expertise-pass/passes-for-families/dependants-pass-for-overseas-networks-expertise-pass/working-in-singapore)

**Who Should Submit:** Since your spouse wants to operate a business (rather than work for an employer), she or an appointed employment agent can submit the application herself—you as an employer do not need to be involved. [The candidate or appointed employment agent can apply if the candidate wishes to operate a business in Singapore.](https://www.mom.gov.sg/passes-and-permits/overseas-networks-expertise-pass/passes-for-families/dependants-pass-for-overseas-networks-expertise-pass/working-in-singapore)

Once the DP is renewed to have sufficient validity, the Letter of Consent application typically takes within 4 weeks to process and is free of charge.",3,"The chatbot correctly addresses both key points: the DP needs at least 3 months validity (so renewal is required first), and for operating a business, the candidate herself or an employment agent can apply rather than the employer. It also mentions the processing time and that it's free of charge, matching the reference answer."
q-0044,hard-1,workpass_candidate,"I'm currently on an Overseas Networks & Expertise Pass. I lost my physical card and just found it again. Also, my employer recently submitted an EP application for a different role at another company on my behalf, and it got rejected — can I personally call MOM to appeal that EP rejection? And what should I do with the found ONE Pass card?","Regarding the found ONE Pass card: you must return it to MOM immediately by post to Ministry of Manpower, 18 Havelock Road, Singapore 059764. MOM also encourages you to use your digital work pass in the SGWorkPass app, which is free and available immediately upon set up, to lower the risk of losing or damaging physical cards. Additionally, MOM may call you for an interview before issuing a new card or if you lose your card repeatedly.

Regarding the EP rejection appeal: you cannot personally make enquiries or appeals about the EP application. Only the employer or authorised third party who submitted the application can do so. MOM will not entertain enquiries or appeals from the candidate or anyone else.",https://www.mom.gov.sg/passes-and-permits/employment-pass https://www.mom.gov.sg/passes-and-permits/overseas-networks-expertise-pass,"I can address part of your question from the knowledge base:

**Regarding your found ONE Pass card:** You should return it to MOM immediately by post to: Ministry of Manpower, 18 Havelock Road, Singapore 059764. [source: www.mom.gov.sg/passes-and-permits/overseas-networks-expertise-pass/replace-a-pass-card.md]

**Regarding the rejected EP application:** I don't have enough information to answer that from the knowledge base. The CONTEXT contains information about appealing rejected ONE Pass (Overseas Networks & Expertise Pass) applications, but not about appealing rejected Employment Pass applications. You would need to consult MOM's Employment Pass guidance for appeal procedures specific to that pass type.",1,"Correctly answered the ONE Pass card return question but failed to provide the key information about EP rejection appeals (that only the employer/authorized third party can appeal, not the candidate personally), instead deferring to external guidance."
q-0045,hard-1,workpass_human_resource,"We're bringing in a foreign candidate on an EP, and as part of his role he'll also need to sit on the board of one of our subsidiary companies that we hold shares in. I want to make sure I understand what's needed — does he need a separate work pass for that directorship, and when I'm submitting his EP application, how should I handle the educational qualification entry if his university isn't showing up in the dropdown list?","For the secondary directorship: EP holders are generally only allowed to work for their employer as specified on their work pass. Taking up a directorship appointment (executive or non-executive) in another company constitutes a form of work under the Companies Act, so a work pass is required. The EP holder must apply for and be granted a Letter of Consent (LOC) under regulation 11 of the Employment of Foreign Manpower (Work Passes) Regulations 2012. MOM will generally grant an LOC to allow EP holders to take up secondary directorship appointments in companies that are related by corporate shareholding to the EP holder's primary employer, as these appointments may be critical to their primary job role. Since your subsidiary is related by corporate shareholding, MOM would generally grant the LOC.

For the educational qualification in the EP application: If the institution name on the educational certificate or verification proof is not available in the dropdown menu, you should enter the institution's most recent name where applicable. Alternatively, you may choose not to declare the qualification if you are unable to find it on the list. You should also enter the qualification level as per the verification proof or educational certificate, and enter the faculty as per the transcript if it is not found in the verification proof or educational certificate.",https://www.mom.gov.sg/passes-and-permits/employment-pass/taking-up-secondary-directorship https://www.mom.gov.sg/passes-and-permits/employment-pass/documents-required,"Based on the knowledge base, here's what you need to know:

**Regarding the directorship role:**

Yes, your candidate will need a separate authorization for the directorship. Even though he's an EP holder, taking up a directorship position constitutes work under the Companies Act and requires a [Letter of Consent (LOC)](https://www.mom.gov.sg/passes-and-permits/employment-pass/taking-up-secondary-directorship/index.md). However, since the subsidiary is related to your company by shareholding, MOM will generally grant the LOC. The process takes within 5 weeks, and you'll need to submit his appointment letter to the directorship role [source: www.mom.gov.sg/passes-and-permits/employment-pass/taking-up-secondary-directorship/index.md]. You can apply for the LOC after his EP is approved.

**Regarding the educational qualification:**

I don't have enough information to answer that from the knowledge base. While the CONTEXT mentions there is [guidance on how to fill in educational details](https://youtu.be/7ohEbY3vdJo), the actual instructions for handling missing qualifications in the dropdown are not included in the excerpts provided. You may want to check that video resource or contact MOM directly for specific guidance on this issue.",1,"The directorship/LOC portion is accurate and comprehensive, but the chatbot failed to provide the educational qualification guidance (enter the institution's most recent name or choose not to declare if not found), which is a key part of the user's question."
q-0046,hard-1,workpass_candidate,"I currently hold an Employment Pass but I'm thinking of switching to the Overseas Networks & Expertise Pass. If my ONE Pass application gets rejected, will MOM just convert it into an EP application automatically? Also, if I do get the ONE Pass, how do I go about cancelling my old pass — can I do it myself, and how long does the cancellation take?","No, you will not be automatically assessed for an Employment Pass if your Overseas Networks & Expertise Pass (ONE Pass) application is unsuccessful. Your employer should submit a separate application for the Employment Pass if you meet its eligibility requirements. Regarding cancellation of the pass (e.g., if you no longer plan to work in Singapore): you should cancel within 1 week before your departure date (for example, if your departure date is 10 February, submit the request from 3 February onwards). Either you or your employment agent can cancel the pass, and the cancellation is immediate.",https://www.mom.gov.sg/faq/one-pass https://www.mom.gov.sg/passes-and-permits/overseas-networks-expertise-pass,"No, if your ONE Pass application is rejected, you will not be automatically assessed for an Employment Pass. Your employer would need to [submit a separate application for the Employment Pass](https://www.mom.gov.sg/passes-and-permits/employment-pass/apply-for-a-pass) if you meet its eligibility requirements [source: www.mom.gov.sg/passes-and-permits/overseas-networks-expertise-pass/faq/one-pass/if-my-one-pass-application-is-unsuccessful-will-i-be-automatically-assessed-for-an-employment-pass.md].

Regarding cancellation of your current EP: You should **not** cancel it yourself before your ONE Pass is approved. Instead, ask your current employer to cancel your EP only **after** your ONE Pass application is approved and when you are ready to get the pass issued [source: www.mom.gov.sg/passes-and-permits/overseas-networks-expertise-pass/faq/one-pass/should-i-cancel-my-employment-pass-if-i-want-to-apply-for-the-overseas-networks-and-expertise-pass.md]. Once your EP is cancelled, you are not permitted to work until your ONE Pass is issued, so timing is important.

The CONTEXT does not specify how long the EP cancellation process itself takes, so I don't have that information from the knowledge base.",2,"Correctly answers that ONE Pass rejection won't auto-convert to EP application. Provides useful context about not cancelling EP before ONE Pass approval. However, misses key details from reference: that the pass holder can cancel themselves (not just employer), that cancellation is immediate, and the 1-week timing guidance. The chatbot claims it doesn't have cancellation timing info when the reference indicates it's immediate."
q-0047,hard-1,workpass_human_resource,"We're bringing in a candidate on the Overseas Networks & Expertise Pass. He has a 22-year-old unmarried son who he'd like to bring along to Singapore. Can we get a dependent pass for the son, and separately, once the candidate's own ONE Pass is approved in-principle, what payment methods are accepted when we go down to have the pass issued, and are there any ongoing obligations around updating MOM on address changes after issuance?","The 22-year-old son is not eligible for a family/dependent pass under the ONE Pass, because passes for family are not available for children who are married or over the age of 21. If the son wishes to work in Singapore, he would need to obtain his own work pass. For the candidate's own ONE Pass issuance, an appointment must be made at the Employment Pass Services Centre, and the required supporting documents must be brought along. Payment of fees can be made using VISA, MasterCard, AMEX, NETS, or CashCard; if the credit or debit card was not issued in Singapore, it must be activated for overseas use. After issuance, the pass holder is obligated to notify the Work Pass Division, Ministry of Manpower within 14 days of any change in contact details, including residential address.",https://www.mom.gov.sg/passes-and-permits/overseas-networks-expertise-pass/apply-for-a-pass https://www.mom.gov.sg/passes-and-permits/overseas-networks-expertise-pass/passes-for-families,"Based on the knowledge base, I can address your questions as follows:

**Dependent's Pass for the 22-year-old son:**
Unfortunately, your candidate cannot obtain a Dependent's Pass for his 22-year-old unmarried son. [source: www.mom.gov.sg/passes-and-permits/overseas-networks-expertise-pass/passes-for-families/index.md] Dependent's Passes are only available for unmarried children under 21 years old. Since the son is 22, he would need to obtain his own work pass if he wishes to work in Singapore.

**Payment methods and ongoing obligations:**
I don't have enough information to answer your questions about payment methods accepted when the pass is issued or the specific procedures for updating address changes after issuance. The knowledge base confirms that [source: www.mom.gov.sg/passes-and-permits/overseas-networks-expertise-pass/key-facts.md] you should notify MOM about changes to your residential address or personal information, but it does not specify the payment methods available at issuance or detailed procedures for address change notifications.",1,"Correctly explains the son is ineligible for a Dependent's Pass due to being over 21, but fails to provide the payment methods (VISA, MasterCard, AMEX, NETS, CashCard) and the specific 14-day notification requirement for address changes, which are key parts of the question."
q-0048,hard-1,workpass_candidate,"My partner and I are in a common-law relationship that's recognised in our home country, and I'm on a Long-Term Visit Pass tied to an ONE Pass holder. I want to work in Singapore — do I need to get a separate work pass like an Employment Pass, or is there another way? And if I apply through my partner's employer, how long can the pass duration be?","As a common-law spouse on a Long-Term Visit Pass (LTVP) linked to an Overseas Networks & Expertise (ONE) Pass holder, you can apply for a Letter of Consent (LOC) to work in Singapore. You do not need to obtain a separate work pass such as an Employment Pass. This is specifically for common-law spouses — other LTVP holders who are not common-law spouses would need to obtain a work pass to work in Singapore. When applying for the LOC, the pass duration applied for can be up to 60 months, although if the application is approved, the period granted may be shorter than what is indicated in the application.",https://www.mom.gov.sg/passes-and-permits/overseas-networks-expertise-pass/passes-for-families/long-term-visit-pass-for-overseas-networks-expertise-pass/working-in-singapore https://www.mom.gov.sg/passes-and-permits/overseas-networks-expertise-pass/passes-for-families,"Based on your situation, you have a streamlined option available to you.

Since you're on a Long-Term Visit Pass as a common-law spouse of an Overseas Networks & Expertise Pass holder, you can apply for a **Letter of Consent (LOC)** to work in Singapore without needing a separate work pass like an Employment Pass [source: www.mom.gov.sg/passes-and-permits/overseas-networks-expertise-pass/passes-for-families/long-term-visit-pass-for-overseas-networks-expertise-pass/working-in-singapore/index.md]. Your partner's employer can submit the LOC application on your behalf by downloading and completing the Letter of Consent (Common-Law Spouse) application form and submitting it with supporting documents online [source: www.mom.gov.sg/passes-and-permits/overseas-networks-expertise-pass/passes-for-families/long-term-visit-pass-for-overseas-networks-expertise-pass/working-in-singapore/index.md].

Regarding duration, the LOC is valid **up to the expiry date of your Long-Term Visit Pass** [source: www.mom.gov.sg/passes-and-permits/overseas-networks-expertise-pass/passes-for-families/dependants-pass-for-overseas-networks-expertise-pass/working-in-singapore.md]. The application typically takes within 4 weeks to process for most cases [source: www.mom.gov.sg/passes-and-permits/overseas-networks-expertise-pass/passes-for-families/dependants-pass-for-overseas-networks-expertise-pass/working-in-singapore.md].",2,"Correctly identifies LOC as the pathway without needing a separate work pass, but states duration is 'up to the expiry date of your LTVP' rather than the specific 'up to 60 months' mentioned in the reference answer. The answer is helpful but misses the key detail about the 60-month maximum application duration."
q-0049,hard-1,workpass_human_resource,"We're preparing an EP application for a candidate whose university doesn't appear in MOM's list of recognized institutions. On top of that, the candidate's nationality is already well-represented among our PMET staff, and I'm also wondering how our local PMET hiring ratio factors in. Can you walk me through what we need to handle for the qualification verification and how these workforce composition factors play into the application outcome?","For the qualification verification: if the candidate's awarding institution cannot be found on MOM's list, you must enter its name exactly as it appears on the educational certificate, and the employer must upload a verification proof of the qualification to confirm it is genuine and from an accredited institution.

Regarding workforce composition factors under the COMPASS framework, two distinct criteria are relevant:

1. Nationality diversity criterion: This criterion awards more points to applications where the candidate's nationality forms a small share of the firm's PMET employees. A diverse mix of nationalities enriches firms with new ideas and networks and contributes to a more inclusive and resilient workforce. Since the candidate's nationality is already well-represented among your PMET staff, this criterion would award fewer points for the application.

2. Local PMET share criterion: Points are also affected by whether your firm has a relatively higher share of locals among PMET employees compared to your peers in the same sector. A higher local share relative to sector peers would be favorable.",https://www.mom.gov.sg/passes-and-permits/employment-pass/eligibility https://www.mom.gov.sg/passes-and-permits/employment-pass/apply-for-a-pass,"I'll walk you through how these factors affect your EP application under COMPASS.

## Qualifications & Verification

Since your candidate holds a degree-equivalent qualification from a university not on MOM's top-tier list, they earn **10 points** under the C2 Qualifications criterion [source: www.mom.gov.sg/passes-and-permits/employment-pass/eligibility/index.md § C2. Qualifications]. You **must submit verification proof** of the candidate's qualifications together with your EP application [source: www.mom.gov.sg/passes-and-permits/employment-pass/eligibility/index.md § C2. Qualifications > Verification proof requirements].

## Workforce Composition Factors

**Diversity (C3):** Since the candidate's nationality is already well-represented among your PMET staff, this will likely score **0 points**. If their nationality forms 25% or more of your organisation's PMETs, no points are awarded [source: www.mom.gov.sg/passes-and-permits/employment-pass/eligibility/index.md § C3. Diversity].

**Support for Local Employment (C4):** Your organisation's local PMET hiring ratio is assessed relative to your sector benchmark. Depending on where your local PMET share falls, you can earn 0, 10, or 20 points—or a minimum of 10 points if your local PMET share is at least 70% [source: www.mom.gov.sg/passes-and-permits/employment-pass/eligibility/index.md § C4. Support for local employment].

**Overall strategy:** With 10 points from qualifications and potential weakness in diversity, you'll need to compensate through strong salary benchmarking (C1) and/or your local employment support score to reach the required 40 points to pass COMPASS.",2,"Covers key points about verification proof requirement, nationality diversity impact, and local PMET share criterion, but omits the specific instruction to enter the institution name exactly as it appears on the certificate. Adds extra detail about COMPASS points that wasn't requested but isn't incorrect."
q-0050,hard-1,workpass_candidate,"I'm renewing my Employment Pass under a sponsorship arrangement. The HR team mentioned that certain employer contributions to provident funds shouldn't be counted as part of my salary, and they also want to know what company financial details they need to provide on the renewal form. Can you tell me what the renewal form asks about the sponsor company's financials, and confirm whether provident fund contributions count toward salary?","Regarding the sponsor company's financials on the Employment Pass (Sponsorship) Renewal Form: the form requires the sponsor company's paid-up capital (in S$), the nature of business, and the company's turnover for the past 3 years. For each of the 3 years (starting with the most recent), the company must provide the year, the value of turnover (in S$), and indicate whether the turnover figure is from an audited account (selecting 'Yes' or 'No'; for unaudited accounts or if the employing company is exempted from audit, 'No' should be selected). Regarding provident fund contributions: any contributions payable by the employer to any pension or provident fund, including any contributions made on the foreign employee's behalf, are excluded from the computation of salary (i.e., they do not count as part of the foreign employee's fixed monthly salary).",https://www.mom.gov.sg/passes-and-permits/employment-pass/key-facts https://www.mom.gov.sg/passes-and-permits/employment-pass/renew-a-pass,"I don't have enough information to answer that from the knowledge base.

Regarding the **sponsor company's financial details on the renewal form**, the context shows that the Employment Pass (Sponsorship) Renewal Form requires [source: www.mom.gov.sg/passes-and-permits/employment-pass/renew-a-pass/ep_sponsor_renewal_form.md]:

- Paid-up capital (in S$)
- Nature of business
- Company's turnover for the past 3 years, including whether figures are from audited accounts

However, regarding **whether provident fund contributions count toward salary**, the knowledge base does not contain information about salary calculation rules or what components are included or excluded from salary calculations. You would need to consult MOM's guidance on fixed monthly salary definitions or contact MOM directly for clarification on this point.",1,"Correctly identifies the financial details required (paid-up capital, nature of business, turnover for 3 years with audit status) but fails to answer the provident fund question, which the reference confirms should be excluded from salary computation. Missing this key point warrants a partial score."
q-0051,hard-1,workpass_human_resource,"We're looking to hire a clinical psychologist from overseas — the candidate is 38 years old. I know clinical psychology is on the Shortage Occupation List, so they'd get the skills bonus under COMPASS. But I want to understand what fixed salary we'd need to offer to score points on the COMPASS salary criterion as well. What's the salary benchmark at age 38 for both the 10-point and 20-point thresholds, and are there any specific qualification or registration requirements we need to meet for the SOL skills bonus for a clinical psychologist?","For the COMPASS salary criterion at age 38, the required salary benchmarks are $8,530 to score 10 points (65th percentile of local PMETs) and $14,045 to score 20 points (90th percentile of local PMETs). These benchmarks are based on the candidate's age and represent the salary thresholds relative to local PMET pay in the sector.

For the Shortage Occupation List (SOL) skills bonus for a clinical psychologist, the eligible job title is 'Clinical psychologist'. The key job duties include assessing mental health and social needs, formulating care, and delivering a range of psychological therapies including Cognitive Behavioural Therapy across the age range and across hospital and community settings. More details on job duties can be found on MOH's Team Healthcare website.

The additional requirements are that applicants should have at least a Master's degree in Clinical Psychology. MOH will assess all applications and may contact employers for more information. The supporting sector agency is the Ministry of Health (MOH).",https://www.mom.gov.sg/passes-and-permits/employment-pass/eligibility/compass-c1-salary-benchmarks https://www.mom.gov.sg/passes-and-permits/employment-pass/eligibility/compass-c5-skills-bonus-shortage-occupation-list-sol,"I don't have enough information to answer that from the knowledge base.

While the CONTEXT explains how COMPASS salary points are awarded—10 points for salaries between the 65th and 90th percentile, and 20 points for the 90th percentile and above [source: www.mom.gov.sg/passes-and-permits/employment-pass/eligibility/index.md]—the actual salary benchmarks by sector and age are contained in downloadable PDF files that aren't included in the excerpts provided. You would need to download the [C1 salary benchmarks by sectors document](https://www.mom.gov.sg/-/media/mom/documents/work-passes-and-permits/compass/c1-salary-benchmarks.pdf) to find the specific thresholds for clinical psychologists at age 38.

Similarly, the CONTEXT confirms that clinical psychology is on the Shortage Occupation List and that candidates must meet additional requirements stated in the [SOL Employer Guide](https://www.mom.gov.sg/-/media/mom/documents/work-passes-and-permits/compass/sol-guidebook.pdf) [source: www.mom.gov.sg/passes-and-permits/employment-pass/eligibility/compass-c5-skills-bonus-shortage-occupation-list-sol/index.md], but the specific qualification or registration requirements for this occupation are not detailed in the available excerpts. You'll need to consult that guide for those details.",1,"The chatbot correctly explains the COMPASS scoring framework and directs the user to relevant documents, but fails to provide the specific salary benchmarks ($8,530 and $14,045) and qualification requirements (Master's degree in Clinical Psychology, MOH assessment) that the reference answer identifies as essential information."
q-0052,hard-1,workpass_candidate,I'm about to renew an Employment Pass for one of our employees whose pass expires in October 2024. I also need to submit their educational qualification details as part of the application. Can you tell me what I need to know about the renewal criteria and how to handle the qualification entry if the institution name isn't showing up in the dropdown?,"For the renewal: Since the EP is expiring from 1 September 2024 onwards (which includes October 2024), the pass holder will need to pass the COMPASS requirements in order to renew.

For the educational qualification entry: If the institution name on the educational certificate or verification proof is not available in the dropdown menu, you should enter the institution's most recent name where applicable. You may also choose not to declare the qualification if you are unable to find it on the list. Additionally, you should enter the qualification level as per the verification proof or educational certificate, and enter the faculty as per the transcript if it is not found in the verification proof or educational certificate. You should also read the guidelines before submitting the verification proof.",https://www.mom.gov.sg/passes-and-permits/employment-pass/documents-required https://www.mom.gov.sg/passes-and-permits/employment-pass/renew-a-pass,"# Employment Pass Renewal: Criteria and Qualification Handling

## Renewal Criteria

For your October 2024 expiry, your employee must meet these requirements [source: www.mom.gov.sg/passes-and-permits/employment-pass/renew-a-pass/index.md]:

- Earn at least the EP qualifying salary
- Work for the same employer in a managerial, executive, or specialised job
- Pass the points-based COMPASS (Complementarity Assessment Framework) — unless they earn at least $22,500 fixed monthly salary, in which case they are exempted

You can start applying up to 6 months before expiry, and the renewed pass is valid for up to 3 years.

## Handling Qualifications Not in the Dropdown

If the awarding institution doesn't appear in the Self-Assessment Tool dropdown [source: www.mom.gov.sg/passes-and-permits/employment-pass/apply-for-a-pass/ep-and-s-pass-candidate-form.md]:

- Enter the institution name exactly as it appears on the educational certificate
- Your employer must upload verification proof confirming the qualification is genuine and from an accredited institution
- Applications will be rejected if qualifications are doubtful or from unaccredited institutions

You can obtain verification proof from background screening companies listed on MOM's website. Note that once a qualification has been verified, it does not need to be verified again at renewal or if the employee changes employers [source: www.mom.gov.sg/passes-and-permits/employment-pass/renew-a-pass/index.md].",2,"Correctly identifies COMPASS requirement for October 2024 renewal. For qualification handling, mentions entering institution name as on certificate but misses key reference points: entering institution's most recent name, option to not declare qualification if not found, entering qualification level per verification proof, and entering faculty per transcript."
q-0053,hard-1,workpass_human_resource,"We're looking to bring in a process engineer for our semiconductor fab on an Employment Pass. The candidate has a Bachelor's in Chemical Engineering. If the EP application gets rejected, can the candidate himself write in to MOM to appeal, or does it have to come from us as the employer? Also, are there any other requirements beyond the engineering degree that MOM checks for this particular role?","For the appeal: Only the employer or an authorised third party who submitted the EP application can make enquiries or appeals to MOM. MOM will not entertain enquiries or appeals from the candidate or anyone else, so the candidate cannot write in himself — it must come from you as the employer (or your authorised third party).

For the process engineer role under the shortage occupation list, the candidate must meet both of the following criteria:
(1) The candidate must be from a firm involved in the Semiconductor space. MOM verifies this directly with EDB, so no additional documentation is required from the employer. New entrants to the Semiconductor space can reach out to EDB.
(2) The candidate must have at least a Bachelor's Degree in an engineering or science faculty. This includes, but is not limited to: Electrical Engineering, Mechanical Engineering, Chemical Engineering, Materials Engineering, and Material Sciences.

A Bachelor's in Chemical Engineering satisfies criterion (2), but criterion (1) — that the firm is in the semiconductor space — must also be met, and MOM will verify this with EDB directly.",https://www.mom.gov.sg/passes-and-permits/employment-pass/upcoming-changes-to-employment-pass-eligibility/complementarity-assessment-framework-compass/compass-shortage-occupation-list#what-additional-requirements-must-my-candidate-meet-to-obtain-the-sol-bonus-points https://www.mom.gov.sg/passes-and-permits/employment-pass,"I don't have enough information to answer your question about the appeal process. The knowledge base doesn't contain details on whether a candidate can personally appeal an EP rejection or if only the employer can do so.

However, I can address your second question about requirements for a process engineer in the semiconductor sector. For this role, your candidate must meet **both** of the following criteria [source: www.mom.gov.sg/passes-and-permits/employment-pass/upcoming-changes-to-employment-pass-eligibility/complementarity-assessment-framework-compass/compass-shortage-occupation-list.md]:

1. **Be from a firm involved in the Semiconductor space** — MOM verifies this directly with the Economic Development Board (EDB), so no additional documentation is required from you. If your company is new to the semiconductor space, you can reach out to EDB.

2. **Hold at least a Bachelor's Degree in an engineering/science faculty** — your candidate's Chemical Engineering degree meets this requirement.

Your candidate's qualifications appear to satisfy the stated requirements for a process engineer role in the semiconductor industry.",1,"Correctly answered the second question about process engineer requirements but failed to answer the first question about who can appeal, which is a key part of the user's query."
q-0054,hard-1,workpass_candidate,"I'm currently exploring my options between the ONE Pass and the Employment Pass. One thing I'm curious about — if I hold a ONE Pass and decide to switch to a different employer, do I need to reapply for a new pass? And separately, if my Employment Pass gets cancelled while I'm still in Singapore, how long can I stay on a Short-Term Visit Pass?","If you hold a ONE Pass (Overseas Networks & Expertise Pass), you do not need to reapply for a pass if you change jobs. In fact, the ONE Pass provides the flexibility to concurrently start, operate, and work for multiple companies at any one time (subject to your employment contract terms, where relevant). It is also exempt from the Complementarity Assessment Framework (COMPASS) and Fair Consideration Framework job advertising requirements. Additionally, passes are available for eligible family members, and your spouse will be able to apply to work on a Letter of Consent. You may also apply for the ONE Pass without meeting the salary criteria if you have outstanding achievements in at least one specified area. Separately, for Employment Pass holders who are still in Singapore after their pass is cancelled, they can request a Short-Term Visit Pass (STVP) to grant them a valid stay for up to 90 days from the date of application.",https://www.mom.gov.sg/passes-and-permits/overseas-networks-expertise-pass https://www.mom.gov.sg/passes-and-permits/employment-pass,"I can answer part of your question, but I don't have complete information on both points.

**Switching employers on the ONE Pass:**
I don't have enough information in the knowledge base to answer whether you need to reapply for a new ONE Pass when changing employers. The available excerpts don't address this scenario.

**Short-Term Visit Pass (STVP) duration:**
If you're still in Singapore when your Employment Pass is cancelled, you can request an STVP through the EP eService on the myMOM Portal. The STVP grants you a valid stay for **up to 90 days from the date of application** [source: www.mom.gov.sg/passes-and-permits/overseas-networks-expertise-pass/cancel-a-pass.md]. You'll receive it by email and must present it along with a valid passport to the immigration officer when leaving Singapore.

For clarification on employer changes under the ONE Pass, I'd recommend contacting MOM directly or consulting the full application guidelines.",1,"Correctly answered the STVP duration (up to 90 days), but failed to answer the key question about ONE Pass employer switching, which the reference states does not require reapplication and allows concurrent work for multiple companies."
q-0055,hard-1,workpass_human_resource,"We have an ONE Pass holder whose common-law spouse currently holds a Long-Term Visit Pass. The spouse has now received a job offer and wants to work here. Also, the ONE Pass holder's legally married spouse is on a Dependant's Pass and has also been offered a role — but she's actually been selected for an EP. Do both spouses need the same type of authorization to start working, and what do we need to do with the DP before the EP is issued?","No, the two spouses need different types of authorization:

Common-law spouse on LTVP: Needs a Letter of Consent to work. The prospective employer applies on their behalf, processing takes around 8 weeks, and the LTVP must have at least 3 months validity before applying.

Legally married spouse on Dependant's Pass: Since she's been selected for an EP, she'll work under that Employment Pass — not via a Letter of Consent. The EP gives her independent work and stay privileges.

What you must do with the DP: You need to cancel the Dependant's Pass before the EP is issued. Once she holds an EP, her stay in Singapore no longer depends on the ONE Pass holder, so the DP is no longer required and must be cancelled first.",https://www.mom.gov.sg/passes-and-permits/overseas-networks-expertise-pass/passes-for-families/dependants-pass-for-overseas-networks-expertise-pass https://www.mom.gov.sg/passes-and-permits/overseas-networks-expertise-pass/passes-for-families/long-term-visit-pass-for-overseas-networks-expertise-pass/working-in-singapore,"No, the two spouses do not need the same type of authorization, and there are different steps required for each.

**For the common-law spouse (on Long-Term Visit Pass):**
They need a Letter of Consent (LOC) to work in Singapore. The prospective employer must download and submit the LOC (Common-Law Spouse) application form with supporting documents on their behalf. [source: www.mom.gov.sg/passes-and-permits/overseas-networks-expertise-pass/passes-for-families/long-term-visit-pass-for-overseas-networks-expertise-pass/working-in-singapore/index.md]

**For the legally married spouse (on Dependant's Pass):**
Since she has been selected for an Employment Pass (EP), she will not need an LOC. Once she is granted the EP, she will be granted the work and stay privileges associated with that pass, and she will no longer require the Dependant's Pass. [source: www.mom.gov.sg/passes-and-permits/overseas-networks-expertise-pass/passes-for-families/dependants-pass-for-overseas-networks-expertise-pass/working-in-singapore.md]

In summary: the common-law spouse needs an LOC from their employer, while the legally married spouse's DP becomes superseded by the EP once it is issued—no separate authorization step is needed for the DP itself.",2,"Correctly distinguishes LOC for common-law spouse vs EP for legally married spouse, but omits the explicit requirement that the DP must be cancelled before the EP is issued, instead saying it becomes 'superseded' with no separate step needed."
q-0056,hard-1,workpass_candidate,"I'm renewing my Employment Pass and I want to understand what gets verified during the process. I know MOM checks my income somehow, and I also recall having to deal with my university qualifications when I first applied. Can you explain how my income is verified with IRAS during renewal, and what I should do if my university's name doesn't appear in the dropdown when I need to submit educational verification proof?","For income verification during EP renewal, the applicant consents to the Comptroller of Income Tax verifying the income stated in the current and renewal applications based on the assessment record for the current Year of Assessment. If that assessment record is not available or finalised at the point of verification, the Comptroller of Income Tax will verify income against the assessment records for the two previous Years of Assessment. The results of the verification are then communicated by the Comptroller of Income Tax to the Controller of Work Passes.

Regarding educational qualification verification: if the institution name on the educational certificate or verification proof is not available in the dropdown menu, the applicant should enter the institution's most recent name where applicable. Alternatively, the applicant may choose not to declare the qualification if they are unable to find it on the list. The applicant should also enter the qualification level as per the verification proof or educational certificate, and enter the faculty as per the transcript if it is not found in the verification proof or educational certificate.",https://www.mom.gov.sg/passes-and-permits/employment-pass/renew-a-pass https://www.mom.gov.sg/passes-and-permits/employment-pass/documents-required,"# Income Verification and Educational Qualification Verification During EP Renewal

## Income Verification with IRAS

During renewal, the Comptroller of Income Tax verifies your income based on your assessment record for the current Year of Assessment. If that record isn't available or finalized yet, the verification will use your assessment records from the two previous Years of Assessment instead. The results are then communicated to the Controller of Work Passes. [source: www.mom.gov.sg/passes-and-permits/employment-pass/renew-a-pass/ep_sponsor_renewal_form.md]

## Educational Qualification Verification

If your educational institution is not listed in the application form dropdown, you will need to provide verification proof that your declared qualification is authentic **and** that the institution is accredited (recognized by the local government). You can obtain this verification proof from background screening companies listed on MOM's website.

When filling in the awarding institution field, select the institution based on exactly what is stated on your certificate—be careful of institution names that may look similar, as a missing word can make a difference. [source: www.mom.gov.sg/passes-and-permits/employment-pass/eligibility/compass-booklet.md]

**Good news:** Once your qualifications have been verified during your initial application, there is no need to get them verified again at renewal or when changing employers. [source: www.mom.gov.sg/passes-and-permits/employment-pass/renew-a-pass/index.md]",2,"Income verification is accurate. For educational qualification, the chatbot mentions needing verification proof and being careful with institution names, but misses the key reference guidance: enter the institution's most recent name, or choose not to declare the qualification if unable to find it, and enter qualification level/faculty as per documents."
q-0057,hard-1,workpass_human_resource,"We have an ONE Pass holder whose passport is expiring soon, and he also wants to bring his 22-year-old unmarried son to Singapore. Can I update the passport details via a written request to MOM, and can I apply for a Dependant's Pass for his son at the same time?","For the passport update: You can update the passport number and expiry date instantly using the EP eService. Written requests to update these two details will no longer be accepted, so a written request will not work.

For the 22-year-old son: Passes for family members are not available for children who are married or over the age of 21. Since the son is 22, he is not eligible for a family pass under the ONE Pass, even though he is unmarried. He may choose to obtain his own work pass if he wishes to work in Singapore.

Additionally, note that although you can apply for family passes at the same time as the Overseas Networks & Expertise Pass, you may lose the application fees for each family pass if the ONE Pass application gets rejected.",https://www.mom.gov.sg/passes-and-permits/overseas-networks-expertise-pass/passes-for-families https://www.mom.gov.sg/passes-and-permits/overseas-networks-expertise-pass/notify-mom,"I don't have enough information to answer that from the knowledge base.

The CONTEXT does not contain information about updating passport details or the process for doing so via written request to MOM.

Regarding your second question: your ONE Pass holder cannot apply for a Dependant's Pass for his 22-year-old unmarried son. [source: www.mom.gov.sg/passes-and-permits/overseas-networks-expertise-pass/passes-for-families/index.md] Dependant's Passes are only available for unmarried children under 21 years old. Since the son is 22, he would need to obtain his own work pass if he wishes to work in Singapore, rather than relying on a family pass.",1,"Correctly answered the Dependant's Pass question (22-year-old ineligible), but failed to provide the passport update information (that EP eService must be used and written requests are no longer accepted), which is a key part of the question."
q-0058,hard-1,workpass_candidate,"We're hiring a digital forensics analyst who is 28 years old. We want to understand what salary benchmarks apply under COMPASS C1 for someone at that age, and also what qualifications or experience this role requires to qualify for the C5 skills bonus on the Shortage Occupation List.","For a 28-year-old candidate, the COMPASS C1 salary benchmarks are: $8,600 to earn 10 points (65th percentile of local PMETs in ICT field) and $12,994 to earn 20 points (90th percentile of local PMETs in ICT field). For the C5 skills bonus under the Shortage Occupation List, the role of Digital forensics analyst is eligible, and the candidate must meet either of two requirements: (1a) at least a Bachelor's degree in one of the following faculties — Computer Science, Information Technology, Programming & Systems Analysis, or Science (Computer Studies); OR (1b) a minimum total of three years' work experience in at least one of these job titles: Computer forensics expert, Computer forensics investigator, Cyber forensics expert, Cyber forensics investigation specialist, Cyber incident investigation specialist, Cyber threat investigation specialist, Digital forensic expert, Digital forensics analyst, ICT forensics expert, or Information forensics expert. The supporting agency for this SOL occupation is the Infocomm Media Development Authority (IMDA). The job duties include conducting complex post-incident forensic analysis to investigate causes of intrusion, attack, loss, or breach; identifying and defining forensic issues and root causes; developing reports detailing incident timeline, evidence, findings, conclusions and recommendations; supporting the design of a breach notification process after a security incident; selecting, testing, and deploying security products and collecting information about Internet-based criminal activities; and recommending corrective actions to prevent and mitigate internal control failures.",https://www.mom.gov.sg/passes-and-permits/employment-pass/eligibility/compass-c5-skills-bonus-shortage-occupation-list-sol https://www.mom.gov.sg/passes-and-permits/employment-pass/eligibility/compass-c1-salary-benchmarks,"I can answer part of your question, but I don't have complete information on both points.

**On C1 Salary Benchmarks:**

The C1 criterion requires your candidate's fixed monthly salary to meet or exceed the 65th percentile of local PMET salaries in your sector [source: www.mom.gov.sg/passes-and-permits/employment-pass/eligibility/compass-c1-salary-benchmarks/index.md]. The specific benchmark amount depends on your organisation's sector classification. The benchmarks are updated annually and can be found in the C1 salary benchmarks document by sector. You can also check your organisation's sector classification online [source: www.mom.gov.sg/passes-and-permits/employment-pass/eligibility/compass-c1-salary-benchmarks/index.md].

**On C5 Skills Bonus Requirements:**

I don't have enough information to answer what specific qualifications or experience a digital forensics analyst needs for the C5 skills bonus. The CONTEXT indicates that to obtain C5 bonus points, your candidate must perform the job duties listed for the specific shortage occupation and meet additional requirements stated in the SOL Employer Guide [source: www.mom.gov.sg/passes-and-permits/employment-pass/eligibility/compass-c5-skills-bonus-shortage-occupation-list-sol/index.md]. However, the specific requirements for the digital forensics analyst role are not included in the available excerpts. You should consult the SOL Employer Guide for those details.",1,"The chatbot failed to provide the specific salary benchmarks ($8,600 and $12,994) for a 28-year-old in the ICT field, and did not provide the C5 qualification/experience requirements for digital forensics analyst, instead directing the user elsewhere. Key information from the reference answer was missing."
q-0059,hard-1,workpass_human_resource,"We have an ONE Pass holder who wants to bring over his 22-year-old unmarried son who has a disability, and also wants to start working in a restricted occupation. What type of pass can the son get, and what does the ONE Pass holder need to do before he can begin work in that restricted occupation?","The 22-year-old unmarried handicapped child of an Overseas Networks & Expertise Pass (ONE Pass) holder is eligible for a Long-Term Visit Pass (not a Dependant's Pass, which is only for unmarried children under 21). To work in a restricted occupation, the ONE Pass holder must submit a request to MOM using their online form (at go.gov.sg/request-restricted-occupation) before starting work in that occupation. The holder can only begin work in the restricted occupation after the request has been approved, and MOM will respond within 3 weeks in most cases. A full list of restricted occupations is available from MOM.",https://www.mom.gov.sg/passes-and-permits/overseas-networks-expertise-pass/notify-mom https://www.mom.gov.sg/passes-and-permits/overseas-networks-expertise-pass/passes-for-families,"Based on the knowledge base, I can answer part of your question:

**For the son's pass:** Your 22-year-old unmarried son with a disability can obtain a [Long-Term Visit Pass (LTVP)](source: www.mom.gov.sg/passes-and-permits/overseas-networks-expertise-pass/passes-for-families/long-term-visit-pass-for-overseas-networks-expertise-pass/index.md). The LTVP is available for handicapped children aged 21 and above who are unmarried [source: www.mom.gov.sg/passes-and-permits/overseas-networks-expertise-pass/passes-for-families/index.md].

**For the ONE Pass holder's restricted occupation work:** I don't have enough information in the knowledge base to answer what specific steps or approvals are needed before working in a restricted occupation. The CONTEXT mentions there may be ""additional conditions that I need to meet for certain occupations,"" but the details are not included in the excerpts provided. You would need to consult MOM directly or access the full guidance on occupational restrictions for ONE Pass holders.",1,"Correctly identifies LTVP for the son, but fails to provide the required information about restricted occupation procedures (submitting request via go.gov.sg/request-restricted-occupation, waiting for approval, 3-week response time), which is a key part of the question."
q-0060,hard-1,workpass_candidate,"I'm applying for an Employment Pass and trying to understand the COMPASS bonus points. My company is wondering if we can get bonus points — we might qualify under the Shortage Occupation List for the C5 skills bonus, and we're also looking at the C6 SEP bonus. What do we need to do on both fronts to be eligible for these bonuses?","For the C5 Skills bonus (Shortage Occupation List), applicants should select one of the eligible job titles in the EP application form. This job title must be the same as the occupation used for the job advertisement in MyCareersFuture (MCF), unless the employer is exempted from the Fair Consideration Framework (FCF) job advertising requirement. For the C6 Strategic Economic Priorities (SEP) bonus, the organisation needs to participate in at least one of the eligible programmes. Specifically, firms must be supported by economic agencies or NTUC, and must participate in or meet the criteria for at least one of the specified programmes/categories to be considered for the SEP bonus.",https://www.mom.gov.sg/passes-and-permits/employment-pass/eligibility/compass-c6-strategic-economic-priorities-sep-bonus-eligible-programmes https://www.mom.gov.sg/passes-and-permits/employment-pass/eligibility/compass-c5-skills-bonus-shortage-occupation-list-sol,"# COMPASS Bonus Points: C5 Skills Bonus and C6 SEP Bonus

## C5 Skills Bonus (Shortage Occupation List)

To qualify for C5 bonus points, you need to meet three requirements [source: www.mom.gov.sg/passes-and-permits/employment-pass/eligibility/index.md]:

1. Your candidate must perform the job duties listed for the specific shortage occupation
2. You must select one of the eligible job titles from the Shortage Occupation List in your EP application
3. Your candidate must meet additional job requirements (this applies if they need the SOL bonus points to pass COMPASS or are applying for a 5-year duration EP for a tech occupation)

If your candidate needs the SOL bonus points to pass COMPASS, refer to the SOL Employer Guide for the specific additional requirements. Note that candidates who relied on SOL bonus points to pass COMPASS can only be employed in that specific shortage occupation [source: www.mom.gov.sg/passes-and-permits/employment-pass/eligibility/index.md].

## C6 Strategic Economic Priorities (SEP) Bonus

To qualify for the C6 bonus, your organisation must participate in or meet the criteria for at least one eligible programme [source: www.mom.gov.sg/passes-and-permits/employment-pass/eligibility/index.md]. The list of eligible programmes is on MOM's website, and you should approach your sector agencies directly to learn about qualifying criteria for the various programmes [source: www.mom.gov.sg/passes-and-permits/employment-pass/eligibility/compass-booklet.md].

Once awarded, the SEP bonus points are valid for up to 3 years or the duration of your participation in an eligible programme, whichever is shorter [source: www.mom.gov.sg/passes-and-permits/employment-pass/eligibility/index.md].",3,"The chatbot's answer covers all key points from the reference: selecting eligible job titles for C5, the MCF job advertisement alignment requirement (implied through the job duties/title selection), and for C6, participation in eligible programmes supported by economic agencies. It adds useful extra details like validity period and additional requirements for SOL-dependent applicants, which enhance rather than detract from the answer."
q-0061,hard-1,workpass_human_resource,"We're preparing to submit an EP application for a new hire. Our company's local PMET share is at the 35th percentile relative to our sector. I want to understand how many COMPASS points we'd get for that criterion, and also — before we even get to submit the application, is there any company-level financial information we need to have ready in the eService?","For the COMPASS diversity criterion on local PMET share, if your organisation's local PMET share is at the 35th percentile relative to its sector, that falls in the range of 20th to less than 50th percentile, which awards 10 points. (For reference, being at or above the 50th percentile would give 20 points, and below the 20th percentile would give 0 points.) Additionally, before you can apply for or renew a pass in the EP eService, you must provide your company's turnover information for the past 3 years.",https://www.mom.gov.sg/passes-and-permits/employment-pass/notify-mom-of-changes https://www.mom.gov.sg/passes-and-permits/employment-pass/eligibility,"Based on your organisation's local PMET share at the 35th percentile relative to your sector, you would score **10 points** under the C4 (Support for Local Employment) criterion. This falls in the ""20th to less than 50th percentile"" band, which awards 10 points [source: www.mom.gov.sg/passes-and-permits/employment-pass/eligibility/index.md § C4. Support for local employment].

Regarding company-level financial information for the eService: I don't have enough information to answer that from the knowledge base. The CONTEXT discusses using the Workforce Insights tool and Self-Assessment Tool to check your organisation's COMPASS scores and candidate eligibility, but it does not specify what financial documentation or company-level data you need to prepare when submitting the EP application itself.",1,"Correctly answered the COMPASS points question (10 points for 35th percentile), but failed to provide the required information about company turnover for the past 3 years being needed in the eService, which was a key part of the user's question."
q-0062,hard-2,workpass_candidate,I'm applying for the Overseas Networks & Expertise Pass and I need to fill out the declaration form. There's a coat of arms or official emblem on the form — can you tell me what the motto or text on it says? I want to make sure I'm looking at the right official document before I sign it.,"The official emblem on the Declaration Form for the Overseas Networks & Expertise Pass is the Coat of Arms of Singapore, and the motto displayed on the ribbon banner beneath it reads 'MAJULAH SINGAPURA'.",https://www.mom.gov.sg/passes-and-permits/overseas-networks-expertise-pass/apply-for-a-pass https://www.mom.gov.sg/-/media/mom/documents/work-passes-and-permits/ove/declaration-form-for-ove.pdf,"Great! You've confirmed you have the correct official document. Yes, the emblem on the Overseas Networks & Expertise Pass declaration form is Singapore's national coat of arms, and the text on the banner reads ""MAJULAH SINGAPURA"" [source: www.mom.gov.sg/passes-and-permits/overseas-networks-expertise-pass/apply-for-a-pass/declaration-form-for-ove-Image226.jpeg]. You're all set to proceed with your application.",1,"The chatbot initially failed to answer the question and only confirmed the correct information after the USER provided it themselves, meaning the user had to do the work of finding the answer."
q-0063,hard-2,workpass_human_resource,"We're about to submit an EP (Sponsorship) renewal for one of our candidates. The form asks for the company's turnover for the past 3 years — do we need to indicate whether those figures are from audited accounts, or is it just the dollar values they want?","Yes, for each of the past 3 years of turnover, the EP (Sponsorship) Renewal Form requires you to provide not only the year and the value in S$ but also to indicate whether each turnover figure is from an audited account by selecting 'Yes' or 'No'. The form specifically notes that for unaudited accounts or if the employing company is exempted from audit, you should select 'No'.",https://www.mom.gov.sg/passes-and-permits/employment-pass/renew-a-pass https://www.mom.gov.sg/-/media/mom/documents/services-forms/passes/ep_sponsor_renewal_form.pdf,"You need to indicate whether the turnover figures are from audited accounts. [source: www.mom.gov.sg/passes-and-permits/employment-pass/renew-a-pass/ep_sponsor_renewal_form.md § Page 4]

The renewal form includes a field asking ""Is the turnover figure from an audited account?"" with Yes/No options for each of the three years. The form notes that you should select 'No' for unaudited accounts or if your employing company is exempted from audit. [source: www.mom.gov.sg/passes-and-permits/employment-pass/renew-a-pass/ep_sponsor_renewal_form.md § Page 4]",3,"The chatbot accurately states that the form requires indicating whether turnover figures are from audited accounts via Yes/No options for each year, and correctly notes the guidance about selecting 'No' for unaudited or audit-exempt companies, matching the reference answer."
q-0064,hard-2,workpass_candidate,I need to update my EP holder's occupation to an air-conditioning role. I'm looking at the standard occupation list from MOM — which government body published this list? I want to make sure I'm referencing the right authority when I submit the occupation change request.,"The standard occupation list is published by the Ministry of Manpower (MOM), located at 18 Havelock Road, Singapore 059764, as shown on the document header and the Ministry of Manpower logo. The list is available in EP eService and is only updated periodically. When updating a pass holder's occupation, the employer must submit a request, choose the closest match from the A-Z list of standard occupations, and for certain occupations (healthcare professionals, lawyers, football players or coaches) upload a support letter from the respective professional bodies. The outcome will be emailed within 3 weeks.",https://www.mom.gov.sg/passes-and-permits/employment-pass/notify-mom-of-changes https://www.mom.gov.sg/-/media/mom/documents/services-forms/passes/list_of_standard_occupation_j-r.pdf,"The standard occupations list for the Employment Pass was published by **MOM (Ministry of Manpower)** [source: www.mom.gov.sg/passes-and-permits/employment-pass/list-of-standard-occupations.md]. 

When you submit your occupation change request, you should use the A-Z list of standard occupations provided by MOM and choose the closest match to the air-conditioning role [source: www.mom.gov.sg/passes-and-permits/employment-pass/notify-mom-of-changes/index.md]. The lists are organized by letter ranges (A-I, J-R, S-Z), so you can find the appropriate occupation classification there. MOM will respond to your request within 3 weeks [source: www.mom.gov.sg/passes-and-permits/employment-pass/notify-mom-of-changes/index.md].",3,"Correctly identifies MOM (Ministry of Manpower) as the publisher, mentions using the A-Z list to find the closest match, and notes the 3-week response time. While it omits the address and support letter requirements for certain professions, those details weren't directly relevant to the user's question about the air-conditioning role."
q-0065,hard-2,workpass_human_resource,We're putting together an EP application and trying to understand how COMPASS scoring works. Our candidate scores well on salary and qualifications but we're not sure about the firm-level criteria. Can you explain how the COMPASS points are structured — like what categories feed into the overall score and how they're grouped?,"COMPASS requires an application to earn at least 40 points to pass. The points are structured into two groups: an ""Individual score"" and a ""Firm-Related score."" The Individual score is based on candidate-specific criteria — C1 (Salary) and C2 (Qualifications) — while the Firm-Related score is based on the employer's workforce profile — C3 (Diversity) and C4 (Support for Local Employment). Each of these four foundational criteria can award 0, 10, or 20 points. In addition, there are two bonus criteria: C5 (Skills Bonus for Shortage Occupation List, worth up to 20 points) and C6 (Strategic Economic Priorities Bonus, worth 10 points). The total across all criteria must reach at least 40 points for the application to pass COMPASS.",https://www.mom.gov.sg/passes-and-permits/employment-pass/eligibility https://www.mom.gov.sg/-/media/mom/documents/work-passes-and-permits/compass/compass-booklet.pdf,"# COMPASS Scoring Structure

COMPASS uses a **points-based system requiring 40 points to pass** [source: www.mom.gov.sg/passes-and-permits/employment-pass/eligibility/index.md]. The criteria are organized into two groups:

**Foundational Criteria (Individual & Firm-Related Attributes):**
- **C1. Salary** – Up to 20 points based on candidate's salary relative to local PMET benchmarks in your sector [source: www.mom.gov.sg/passes-and-permits/employment-pass/eligibility/index.md]
- **C2. Qualifications** – Up to 20 points based on degree-equivalent qualifications [source: www.mom.gov.sg/passes-and-permits/employment-pass/eligibility/index.md]
- **C3. Diversity** – Up to 20 points based on how much the candidate's nationality improves your firm's diversity [source: www.mom.gov.sg/passes-and-permits/employment-pass/eligibility/index.md]
- **C4. Support for Local Employment** – Up to 20 points based on your local PMET share relative to industry peers [source: www.mom.gov.sg/passes-and-permits/employment-pass/eligibility/index.md]

**Bonus Criteria:**
- **C5. Skills Bonus** – Up to 20 points if the candidate works in a role with identified skills shortages [source: www.mom.gov.sg/passes-and-permits/employment-pass/eligibility/index-compass.png]
- **C6. Strategic Economic Priorities Bonus** – Up to 10 points for partnerships with Government on investment, innovation, or transformation [source: www.mom.gov.sg/passes-and-permits/employment-pass/eligibility/index-compass.png]

For the firm-level criteria (C3 and C4), use the **Workforce Insights tool** to check your organization's scores [source: www.mom.gov.sg/passes-and-permits/employment-pass/eligibility/index.md].",3,"Covers all six criteria (C1-C6), their groupings (foundational vs bonus, individual vs firm-related), point values, the 40-point threshold, and adds helpful context about the Workforce Insights tool for firm-level criteria."
q-0066,hard-2,workpass_candidate,"My candidate graduated from a Singapore institution and we want to verify their qualification through an online portal instead of using a background screening company. I've heard there's a platform called OpenCerts that can be used. How exactly do we upload the certificate file on that platform, and what do we need to capture in the screenshot for the EP application?","On the OpenCerts platform, you can verify your candidate's certificate by dragging and dropping the opencert file into the upload area to view its contents, or by clicking the 'Select File' button to browse for the file. For Opencerts platform you do not need screenshots. ",https://www.mom.gov.sg/passes-and-permits/employment-pass/documents-required https://www.mom.gov.sg/-/media/mom/documents/work-passes-and-permits/compass/opencerts-portal-guide.pdf,"You're correct on both points. Based on the knowledge base:

**File upload method:** On the OpenCerts portal, you can either ""drag and drop your opencert file"" into the upload area or use the ""Select File"" button to browse for it. [source: www.mom.gov.sg/passes-and-permits/employment-pass/documents-required/opencerts-portal-guide-Image5.png]

**No screenshots needed:** The OpenCerts verification process does not require you to capture and submit screenshots. Instead, the workflow is: (a) go to the OpenCerts portal, (b) upload the document there, and (c) check that the document has been verified through the OpenCerts portal as authentic. [source: www.mom.gov.sg/passes-and-permits/employment-pass/documents-required/opencerts-portal-guide.md] Then you upload the verified digital certificate file directly into the EP application form, which has a 2MB file size limit. [source: www.mom.gov.sg/passes-and-permits/employment-pass/documents-required/opencerts-portal-guide-Image4.png]",2,"The chatbot eventually provided the correct information about drag-and-drop/Select File upload and no screenshots needed, but only after the user had to research and prompt with the correct answer themselves. The user had to steer the conversation to get the complete answer."
q-0067,hard-2,workpass_human_resource,"We're putting together an EP application for a candidate who'll be working as a Novel Food Biotechnologist at an agritech firm. The candidate doesn't have a Bachelor's degree in the listed faculties, so we're going the work experience route instead. Can you confirm how many years of relevant experience are needed and which job titles count for that experience requirement?","For a Novel Food Biotechnologist role on the SOL, if the candidate does not hold at least a Bachelor's degree in Bioengineering, Biomedical Sciences, Biomolecular Engineering, Chemical Engineering, Food Engineering, Food Science, or Nutrition, they must have a minimum total of three years' work experience in at least one of the following job titles: Bioprocess engineer, Food and drink technologist, Food processing engineer, Food processing technician, Food production manager, Food production technician, Food science technician, Manufacturing engineer, Novel food biotechnologist, Process engineer, or Production engineer. Additionally, the candidate must be from a firm involved in the Agritech space, which MOM verifies directly with EDB and EnterpriseSG (no additional documentation required). The supporting agency is EDB. This SOL applies to new and renewal EP applications from 1 January 2026.",https://www.mom.gov.sg/passes-and-permits/employment-pass/eligibility/compass-c5-skills-bonus-shortage-occupation-list-sol https://www.mom.gov.sg/-/media/mom/documents/work-passes-and-permits/compass/sol-guidebook.pdf,"For the Novel Food Biotechnologist role on the Shortage Occupation List, your candidate needs **a minimum of three years' total work experience in at least one of these job titles** [source: www.mom.gov.sg/passes-and-permits/employment-pass/eligibility/compass-c5-skills-bonus-shortage-occupation-list-sol/index.md]:

- Bioprocess engineer
- Food and drink technologist
- Food processing engineer
- Food processing technician
- Food production manager
- Food production technician
- Food science technician
- Manufacturing engineer
- Novel food biotechnologist
- Process engineer
- Production engineer

The experience can be accumulated across these roles, as long as the total reaches three years. Make sure to select the relevant job titles in the work experience section of the EP application form when you submit.",2,"Correctly states 3 years and lists all qualifying job titles, but omits key context: the supporting agency (EDB), verification process with EDB/EnterpriseSG, and the effective date (1 January 2026)."
q-0068,hard-2,workpass_candidate,"We posted a job ad on MyCareersFuture in early January and closed it after 30 days, so around early February. How soon after posting can we submit the EP application, and what's the deadline for using that same job ad?","You can submit the EP or S Pass application at the earliest 15 days after posting the job ad. Once the job ad closes (in this example, after 30 days around early February), you have 3 months from the closing date to submit the EP or S Pass application using that job ad. After that 3-month window (in this example, around early May), the advertisement can no longer be used and you would need to post a new one. Additionally, the job ad must be open for at least 14 consecutive days before you can submit the application.",https://www.mom.gov.sg/passes-and-permits/employment-pass https://www.mom.gov.sg/-/media/mom/documents/work-passes-and-permits/fcf-ep-application-date.png,"Based on the Fair Consideration Framework requirements, here's the timeline for your EP application:

**Earliest submission date:** You can submit the EP application 15 days after posting the job ad. Since you posted in early January, you could apply around mid-January. [source: www.mom.gov.sg/passes-and-permits/employment-pass/consider-all-candidates-fairly.md]

**Deadline for using that ad:** You must submit the EP application within 3 months of the job ad closing. Since your ad closed in early February, the deadline would be around early May. [source: www.mom.gov.sg/passes-and-permits/employment-pass/consider-all-candidates-fairly.md]

Note that the ad itself must remain open for at least 14 consecutive days to allow candidates to apply, which your 30-day posting period satisfies. [source: www.mom.gov.sg/passes-and-permits/employment-pass/consider-all-candidates-fairly.md]",3,"The chatbot correctly states the 15-day earliest submission window, the 3-month deadline from closing date, and the 14-day minimum posting requirement, all matching the reference answer with appropriate application to the user's scenario."
q-0069,hard-2,workpass_human_resource,"We're putting together an EP application for a candidate age 30 who'll be joining our fund management firm. I want to know the minimum fixed monthly salary needed to score 10 points under the COMPASS C1 salary criterion. Also, what salary would get us the full 20 points? And just to confirm — which government body publishes these benchmarks?","For the Fund Management Activities & Activities Auxiliary to Financial Services sector, a candidate aged 30 needs a fixed monthly salary of at least $13,030 to score 10 points under C1 (meeting the 65th percentile of local PMET salaries), and at least $21,401 to score 20 points (meeting the 90th percentile of local PMET salaries). These benchmarks are from the release dated August 2025 and are derived from MOM's Manpower Research and Statistics Department's (MRSD) annual Comprehensive Labour Force Survey. The required salary increases progressively with age, from age 23 up to age 45. For this sector, the range starts at $8,917 (10 points) / $12,474 (20 points) for candidates aged 23 or below, and goes up to $21,845 (10 points) / $40,530 (20 points) for candidates aged 45 or above. The benchmarks are published by the Ministry of Manpower (MOM). Note that candidates who do not meet the EP qualifying salary will not be eligible for an EP regardless of COMPASS points, and EP candidates earning at least $22,500 in fixed monthly salary are exempted from COMPASS entirely.",https://www.mom.gov.sg/passes-and-permits/employment-pass/eligibility/compass-c1-salary-benchmarks https://www.mom.gov.sg/-/media/mom/documents/work-passes-and-permits/compass/c1-salary-benchmarks.pdf,"I don't have enough information to answer that from the knowledge base.

While the CONTEXT explains that C1 salary benchmarks are derived from MOM's Manpower Research and Statistics Department (MRSD) annual Comprehensive Labour Force Survey and are updated yearly, the specific salary figures for the fund management sector are not included in the excerpts provided. The CONTEXT references downloadable C1 salary benchmark tables (released in Aug 2025 and Aug 2026) but does not display their contents.

To find the exact salary thresholds for 10 points (65th percentile) and 20 points (90th percentile) for a 30-year-old in fund management, you would need to download the [C1 salary benchmarks by sectors PDF](https://www.mom.gov.sg/-/media/mom/documents/work-passes-and-permits/compass/c1-salary-benchmarks.pdf) directly from MOM's website.

To confirm your second question: the benchmarks are published by **MOM's Manpower Research and Statistics Department (MRSD)** [source: www.mom.gov.sg/passes-and-permits/employment-pass/eligibility/compass-c1-salary-benchmarks/index.md].",1,"The chatbot correctly identified MOM/MRSD as the publisher and explained the percentile logic, but failed to provide the specific salary figures ($13,030 for 10 points, $21,401 for 20 points) which were the key information requested."
q-0070,hard-2,workpass_candidate,I'm about to apply for an Employment Pass for a candidate we're hiring. I want to make sure I'm submitting through the right government body — which ministry handles EP applications in Singapore?,"Employment Pass applications in Singapore are handled by the Ministry of Manpower (MOM). The application fee is $105, and for Singapore-registered companies, applications are processed or given an update within 10 business days. For overseas companies without a Singapore-registered company, processing takes within 6 weeks for most cases.",https://www.mom.gov.sg/passes-and-permits/employment-pass/apply-for-a-pass https://www.mom.gov.sg/-/media/mom/documents/services-forms/passes/ep_sponsor_form8.pdf,"I don't have enough information to answer that from the knowledge base. The CONTEXT shows that EP applications are submitted through [EP eService](https://www.mom.gov.sg/eservices/services/employment-pass-eservice) and references ""mom.gov.sg"" in the source URLs, which indicates the Ministry of Manpower (MOM), but the knowledge base excerpts don't explicitly state which ministry administers the Employment Pass program.",1,"The chatbot correctly identifies MOM and provides a useful link, but hedges unnecessarily by claiming insufficient information and omits key details about application fees and processing times mentioned in the reference answer."
q-0071,hard-2,workpass_human_resource,"We're preparing a Letter of Consent application for a common-law spouse holding an LTVP under an ONE Pass holder. The applicant will be partially paid by both a local and an overseas employer. When filling in the salary section of the LOC form, how exactly does MOM define 'fixed monthly salary', and what happens if the fixed monthly salary amount we declare is higher than the basic monthly salary?","According to the LOC (Common-Law Spouse) Application Form, fixed monthly salary is defined as basic monthly salary plus fixed monthly allowances. For example, S$5,000 fixed monthly salary = S$4,500 basic monthly salary + S$500 fixed monthly allowances. MOM will use the fixed monthly salary to assess the application. If the amount indicated as fixed monthly salary is more than the basic monthly salary, MOM will take the difference as the 'fixed monthly allowances'. If there are no fixed monthly allowances, the amount of fixed monthly salary should be exactly the same as the basic monthly salary. For the salary payable by, there are three options: 'Local' (paid by a Singapore-registered employer or paid by an overseas employer which is then charged fully to a Singapore-registered employer), 'Overseas' (employer is not registered in Singapore or is a representative office registered with Enterprise Singapore), or 'Both local and overseas' (partially paid by both local and overseas employer).",https://www.mom.gov.sg/passes-and-permits/overseas-networks-expertise-pass/passes-for-families/long-term-visit-pass-for-overseas-networks-expertise-pass/working-in-singapore https://www.mom.gov.sg/-/media/mom/documents/services-forms/passes/loc_cls_application_form.pdf,"Based on the knowledge base, here's how MOM defines fixed monthly salary and handles the scenario you're describing:

**Definition of Fixed Monthly Salary:**
Fixed monthly salary = Basic monthly salary + Fixed monthly allowances [source: www.mom.gov.sg/passes-and-permits/overseas-networks-expertise-pass/passes-for-families/long-term-visit-pass-for-overseas-networks-expertise-pass/working-in-singapore/loc_cls_application_form.md]

**When Fixed Monthly Salary Exceeds Basic Monthly Salary:**
If the amount you declare as fixed monthly salary is more than the basic monthly salary, MOM will treat the difference as 'fixed monthly allowances'. For example, if you declare S$5,000 as fixed monthly salary and S$4,500 as basic monthly salary, MOM will recognize S$500 as fixed monthly allowances [source: www.mom.gov.sg/passes-and-permits/overseas-networks-expertise-pass/passes-for-families/long-term-visit-pass-for-overseas-networks-expertise-pass/working-in-singapore/loc_cls_application_form.md]

**Important Note:**
The form emphasizes that fixed monthly salary includes only basic monthly salary and fixed monthly allowances—not other forms of compensation. If there are no fixed monthly allowances, the fixed monthly salary amount should exactly match the basic monthly salary [source: www.mom.gov.sg/passes-and-permits/overseas-networks-expertise-pass/passes-for-families/long-term-visit-pass-for-overseas-networks-expertise-pass/working-in-singapore/loc_cls_application_form.md]",2,"The chatbot correctly explains the definition of fixed monthly salary and what happens when it exceeds basic monthly salary, but omits the information about the three 'salary payable by' options (Local, Overseas, Both local and overseas) which was relevant to the user's question about being paid by both local and overseas employers."
